# Object Export From Tinkercad Server 2015

mtllib obj.mtl

o obj_0
v -17.3436 		11.5858 		0
v -17.4734 		11.2086 		0
v -17.8486 		10.8238 		0
v -17.5495 		12.2275 		0
v -17.377 		12.0387 		0
v -18.1213 		12.4868 		0
v -17.7499 		12.3526 		0
v -18.163 		12.5059 		0
v -18.1488 		12.4994 		0
v -18.1349 		12.4931 		0
v -18.1847 		12.509 		0
v -18.1739 		12.5075 		0
v -18.3752 		12.5673 		0
v -18.2813 		12.5378 		0
v -18.1954 		12.5106 		0
v -18.7342 		12.6042 		0
v -18.4775 		12.5994 		0
v -19.223 		12.5772 		0
v -18.9821 		12.5968 		0
v -19.5523 		12.5388 		0
v -19.3829 		12.5623 		0
v -19.7731 		12.4914 		0
v -19.7351 		12.5059 		0
v -19.8463 		12.4626 		0
v -19.8102 		12.4769 		0
v -20.0143 		12.4154 		0
v -19.9303 		12.4398 		0
v -20.4084 		12.1891 		0
v -20.0986 		12.3891 		0
v -20.8102 		11.7463 		0
v -20.6551 		11.9825 		0
v -20.827 		11.7543 		0
v -20.8185 		11.7503 		0
v -20.8334 		11.7348 		0
v -20.8355 		11.7583 		0
v -20.829 		11.6887 		0
v -20.8312 		11.7116 		0
v -20.8439 		11.6141 		0
v -20.8376 		11.6519 		0
v -20.831 		11.2965 		0
v -20.8478 		11.575 		0
v -21.33 		10.5806 		0
v -21.2383 		10.6775 		0
v -21.0615 		10.8004 		0
v -21.4317 		10.3715 		0
v -21.4152 		10.4266 		0
v -21.4643 		10.263 		0
v -21.4481 		10.3171 		0
v -21.8374 		10.1233 		0
v -21.7787 		10.263 		0
v -21.6748 		10.263 		0
v -21.9359 		9.8892 		0
v -21.8782 		10.0264 		0
v -22.2503 		9.8892 		0
v -22.1464 		9.8892 		0
v -22.2504 		9.8892 		0
v -22.898 		10.009 		0
v -22.741 		9.8298 		0
v -22.5921 		9.6438 		0
v -23.1753 		10.2909 		0
v -23.1228 		10.2365 		0
v -23.0749 		10.1815 		0
v -23.3151 		10.3761 		0
v -23.2328 		10.3448 		0
v -23.4522 		10.4251 		0
v -23.3871 		10.4027 		0
v -23.489 		10.4417 		0
v -23.4704 		10.4334 		0
v -23.5827 		10.4647 		0
v -23.5079 		10.4499 		0
v -23.7097 		10.489 		0
v -23.6496 		10.4778 		0
v -24.0882 		10.542 		0
v -23.8928 		10.5216 		0
v -24.4585 		10.551 		0
v -24.3007 		10.5525 		0
v -24.7741 		10.5479 		0
v -24.6163 		10.5494 		0
v -24.9039 		10.5533 		0
v -24.8381 		10.5509 		0
v -25.0853 		10.5519 		0
v -24.9719 		10.5551 		0
v -24.8846 		11.3087 		0
v -25.0424 		10.9337 		0
v -25.2348 		10.5478 		0
v -23.8951 		13.1575 		0
v -24.0415 		12.9801 		0
v -24.1965 		12.8026 		0
v -23.7057 		13.4083 		0
v -23.7316 		13.3744 		0
v -23.7616 		13.3376 		0
v -23.6573 		13.4638 		0
v -23.6651 		13.4405 		0
v -23.6711 		13.4405 		0
v -23.5837 		13.6347 		0
v -23.6136 		13.5672 		0
v -23.6416 		13.5104 		0
v -23.5476 		13.7198 		0
v -23.5481 		13.7188 		0
v -23.5485 		13.7178 		0
v -23.534 		13.7838 		0
v -23.5472 		13.7209 		0
v -23.2974 		13.9078 		0
v -23.4019 		13.9078 		0
v -23.5079 		13.9078 		0
v -23.1935 		13.9078 		0
v -23.0363 		14.0947 		0
v -23.0882 		14.0329 		0
v -23.1405 		13.9708 		0
v -23.0205 		14.146 		0
v -23.0341 		14.1272 		0
v -23.0478 		14.1083 		0
v -22.912 		14.2972 		0
v -23.0068 		14.1648 		0
v -22.3863 		15.0252 		0
v -22.5521 		14.7933 		0
v -22.7219 		14.5619 		0
v -21.8394 		15.7722 		0
v -21.91 		15.6564 		0
v -22.0341 		15.5023 		0
v -21.7163 		16.0602 		0
v -21.7694 		15.97 		0
v -21.8234 		15.8801 		0
v -21.3843 		16.6169 		0
v -21.6215 		16.1507 		0
v -21.6357 		16.1507 		0
v -21.1204 		17.57 		0
v -21.195 		17.0869 		0
v -21.1401 		17.746 		0
v -21.1303 		17.6586 		0
v -20.9393 		17.8329 		0
v -21.0439 		17.8329 		0
v -21.1499 		17.8329 		0
v -20.8486 		17.8354 		0
v -20.8355 		17.8329 		0
v -20.7176 		17.8587 		0
v -20.8018 		17.8479 		0
v -20.8747 		17.8406 		0
v -20.3246 		17.924 		0
v -20.6178 		17.8736 		0
v -19.2662 		18.1227 		0
v -19.8895 		18.0047 		0
v -18.0246 		18.3585 		0
v -18.1264 		18.3394 		0
v -18.2289 		18.3201 		0
v -17.6493 		18.4302 		0
v -17.803 		18.4008 		0
v -17.3388 		18.4895 		0
v -17.4317 		18.4717 		0
v -17.1604 		18.5244 		0
v -17.2485 		18.507 		0
v -15.5746 		18.8019 		0
v -15.9256 		18.7407 		0
v -16.2766 		18.6798 		0
v -15.1118 		18.8834 		0
v -15.224 		18.8636 		0
v -14.162 		19.0578 		0
v -14.5169 		18.9877 		0
v -14.8913 		18.9225 		0
v -13.7842 		19.1412 		0
v -13.807 		19.1412 		0
v -13.8299 		19.1412 		0
v -13.4572 		19.2485 		0
v -13.7614 		19.1412 		0
v -12.9754 		19.515 		0
v -13.2534 		19.3454 		0
v -12.8291 		19.9041 		0
v -12.879 		19.7209 		0
v -12.8578 		20.3278 		0
v -12.8266 		20.0746 		0
v -13.1522 		20.8176 		0
v -12.9636 		20.5758 		0
v -15.023 		20.969 		0
v -14.0745 		20.9924 		0
v -16.0519 		20.8199 		0
v -15.9727 		20.8351 		0
v -16.6359 		20.7176 		0
v -16.4272 		20.7561 		0
v -16.2103 		20.7896 		0
v -20.3659 		20.0378 		0
v -20.0684 		20.0852 		0
v -19.776 		20.1233 		0
v -20.6783 		19.9742 		0
v -20.6783 		19.9823 		0
v -22.0589 		19.7036 		0
v -21.369 		19.8316 		0
v -20.6783 		19.958 		0
v -22.9528 		19.5321 		0
v -22.7467 		19.572 		0
v -23.3642 		19.4511 		0
v -23.1586 		19.4918 		0
v -26.0201 		19.0012 		0
v -25.7476 		19.0457 		0
v -25.4729 		19.0886 		0
v -26.5183 		18.9234 		0
v -26.4076 		18.9427 		0
v -26.2914 		18.9549 		0
v -26.7469 		18.8726 		0
v -26.6848 		18.8841 		0
v -26.6227 		18.8956 		0
v -26.8175 		18.8509 		0
v -26.8091 		18.8608 		0
v -27.5896 		18.6987 		0
v -27.2121 		18.7653 		0
v -26.8342 		18.8311 		0
v -28.4244 		18.5712 		0
v -28.1899 		18.6073 		0
v -27.9665 		18.6311 		0
v -28.7937 		18.5025 		0
v -28.6787 		18.5252 		0
v -29.7174 		18.3199 		0
v -29.3747 		18.3904 		0
v -29.0198 		18.4578 		0
v -31.537 		17.9561 		0
v -30.5458 		18.1463 		0
v -30.3806 		18.1778 		0
v -33.4964 		17.5375 		0
v -32.522 		17.7562 		0
v -35.0562 		17.1767 		0
v -34.9058 		17.2101 		0
v -34.754 		17.2433 		0
v -35.2634 		17.1303 		0
v -35.2343 		17.1369 		0
v -35.2052 		17.143 		0
v -35.9098 		16.9712 		0
v -35.6041 		17.0488 		0
v -35.2926 		17.1229 		0
v -36.2308 		16.8952 		0
v -36.2204 		16.8921 		0
v -36.21 		16.889 		0
v -36.2413 		16.8983 		0
v -36.4348 		16.8456 		0
v -36.3556 		16.8672 		0
v -36.2414 		16.8983 		0
v -36.6625 		16.7723 		0
v -36.5471 		16.8151 		0
v -36.8897 		16.688 		0
v -36.7765 		16.73 		0
v -37.3003 		16.5291 		0
v -37.1423 		16.5958 		0
v -37.4989 		16.368 		0
v -37.4989 		16.431 		0
v -37.4989 		16.2441 		0
v -37.4989 		16.3059 		0
v -37.4989 		16.1507 		0
v -37.4989 		16.1818 		0
v -37.4989 		16.2129 		0
v -37.925 		16.0055 		0
v -37.8133 		16.1507 		0
v -37.7094 		16.1507 		0
v -38 		15.5958 		0
v -37.9734 		15.8617 		0
v -37.7115 		14.9959 		0
v -37.9345 		15.2603 		0
v -36.9831 		14.6095 		0
v -37.3318 		14.7313 		0
v -36.3357 		14.5293 		0
v -36.6948 		14.5461 		0
v -35.7679 		14.5374 		0
v -36.0592 		14.5255 		0
v -35.0752 		14.6975 		0
v -35.4552 		14.5619 		0
v -34.6299 		15.0935 		0
v -34.8372 		14.857 		0
v -34.551 		15.2382 		0
v -34.5902 		15.1663 		0
v -34.512 		15.3096 		0
v -34.1772 		15.3121 		0
v -34.3183 		15.3099 		0
v -33.9957 		15.3262 		0
v -34.0688 		15.318 		0
v -33.836 		15.3558 		0
v -33.921 		15.3386 		0
v -33.3611 		15.4221 		0
v -33.598 		15.3839 		0
v -32.595 		15.604 		0
v -33.123 		15.4728 		0
v -31.5488 		15.8506 		0
v -31.63 		15.834 		0
v -31.7113 		15.8173 		0
v -30.9891 		15.9681 		0
v -31.2004 		15.9229 		0
v -31.3155 		15.899 		0
v -30.5779 		16.0669 		0
v -30.782 		16.0161 		0
v -29.8538 		14.5108 		0
v -29.5121 		15.4245 		0
v -29.1672 		16.3376 		0
v -30.3735 		13.1288 		0
v -30.2955 		13.3582 		0
v -30.1817 		13.5954 		0
v -30.8979 		11.6584 		0
v -30.7635 		11.9942 		0
v -30.6182 		12.3309 		0
v -31.0262 		11.2993 		0
v -31.0232 		11.3067 		0
v -31.0202 		11.3141 		0
v -31.0295 		11.291 		0
v -31.0284 		11.2938 		0
v -31.0273 		11.2965 		0
v -31.0536 		11.291 		0
v -31.0456 		11.291 		0
v -31.0376 		11.291 		0
v -31.0712 		11.2075 		0
v -31.0624 		11.2492 		0
v -32.3144 		8.0447 		0
v -31.7345 		9.5403 		0
v -31.1334 		11.0329 		0
v -32.8486 		6.5208 		0
v -32.8418 		6.5424 		0
v -32.94 		6.4314 		0
v -32.9141 		6.4468 		0
v -32.8882 		6.4622 		0
v -32.9437 		6.2923 		0
v -32.9421 		6.3619 		0
v -33.269 		5.6041 		0
v -33.2104 		5.7011 		0
v -33.0972 		5.7772 		0
v -33.3663 		5.2238 		0
v -33.3232 		5.4034 		0
v -33.4883 		4.8286 		0
v -33.4808 		4.8482 		0
v -33.4732 		4.8677 		0
v -33.5237 		4.7338 		0
v -33.4958 		4.8091 		0
v -33.5786 		4.5857 		0
v -33.5513 		4.6595 		0
v -33.635 		4.4341 		0
v -33.607 		4.5094 		0
v -33.6841 		4.3018 		0
v -33.6628 		4.3593 		0
v -34.1976 		4.1255 		0
v -34.1976 		4.1885 		0
v -34.0418 		4.1885 		0
v -34.1976 		4.0016 		0
v -34.1976 		4.0633 		0
v -34.3036 		4.0016 		0
v -34.6569 		3.8122 		0
v -34.512 		4.0016 		0
v -34.4082 		4.0016 		0
v -34.8656 		3.4312 		0
v -34.774 		3.6226 		0
v -34.9449 		3.252 		0
v -34.9058 		3.3422 		0
v -35.0415 		2.7326 		0
v -34.9836 		3.1605 		0
v -34.9895 		1.9189 		0
v -35.0567 		2.3181 		0
v -34.9857 		1.8121 		0
v -34.9876 		1.8655 		0
v -34.965 		1.7587 		0
v -34.9836 		1.7587 		0
v -34.8391 		1.5953 		0
v -34.8871 		1.6765 		0
v -34.9282 		1.7587 		0
v -34.7556 		1.4742 		0
v -34.771 		1.4949 		0
v -34.784 		1.5149 		0
v -34.5768 		1.2789 		0
v -34.6669 		1.3647 		0
v -34.7376 		1.4525 		0
v -34.4317 		1.1616 		0
v -34.4681 		1.1904 		0
v -34.3549 		1.1046 		0
v -34.394 		1.133 		0
v -34.3548 		1.1045 		0
v -32.9973 		1.0116 		0
v -33.6688 		1.0116 		0
v -32.3112 		1.1045 		0
v -32.3111 		1.1046 		0
v -32.3111 		1.1045 		0
v -31.6201 		1.6497 		0
v -31.9204 		1.3681 		0
v -31.2658 		2.1583 		0
v -31.3976 		1.9479 		0
v -31.0634 		2.6056 		0
v -31.1554 		2.3774 		0
v -30.6597 		3.5451 		0
v -30.7009 		3.4622 		0
v -30.7429 		3.3788 		0
v -30.5944 		3.6278 		0
v -30.6069 		3.6278 		0
v -30.6193 		3.6278 		0
v -30.4516 		3.9296 		0
v -30.582 		3.6278 		0
v -30.2551 		4.5293 		0
v -30.3433 		4.2291 		0
v -30.1546 		4.9406 		0
v -30.1991 		4.7335 		0
v -30.1181 		5.2107 		0
v -30.1227 		5.1515 		0
v -30.1078 		5.3087 		0
v -30.1091 		5.3093 		0
v -30.1104 		5.3099 		0
v -29.6404 		5.0937 		0
v -29.7174 		5.123 		0
v -29.846 		5.1842 		0
v -29.4914 		5.0422 		0
v -29.5651 		5.0668 		0
v -29.2805 		4.9704 		0
v -29.3882 		5.0057 		0
v -28.8934 		4.912 		0
v -29.1672 		4.9361 		0
v -28.3713 		4.9056 		0
v -28.629 		4.9013 		0
v -28.0722 		4.9231 		0
v -28.2257 		4.9128 		0
v -27.8785 		4.9494 		0
v -27.9096 		4.9361 		0
v -27.8186 		4.9756 		0
v -27.8482 		4.9625 		0
v -27.6309 		5.0204 		0
v -27.725 		4.9966 		0
v -27.3485 		5.1876 		0
v -27.5362 		5.0471 		0
v -27.0878 		5.4808 		0
v -27.2037 		5.33 		0
v -26.955 		5.6479 		0
v -27.0212 		5.5611 		0
v -26.7568 		5.9674 		0
v -26.8877 		5.7422 		0
v -25.9049 		7.1458 		0
v -26.1748 		6.776 		0
v -26.4597 		6.408 		0
v -25.6232 		7.5965 		0
v -25.6596 		7.5237 		0
v -24.9342 		7.3494 		0
v -25.1792 		7.5363 		0
v -25.3654 		7.7398 		0
v -24.5787 		7.1775 		0
v -24.6083 		7.179 		0
v -24.5204 		7.1747 		0
v -24.5494 		7.1761 		0
v -23.9796 		7.009 		0
v -24.2622 		7.0798 		0
v -23.0396 		6.9825 		0
v -23.6547 		6.9655 		0
v -22.0039 		7.1993 		0
v -22.5066 		7.055 		0
v -21.7027 		7.2832 		0
v -21.9359 		7.179 		0
v -21.9586 		7.1858 		0
v -21.304 		7.4902 		0
v -21.4923 		7.3849 		0
v -19.5902 		7.2632 		0
v -20.3344 		7.4127 		0
v -20.4606 		7.4641 		0
v -18.0844 		7.3659 		0
v -18.8532 		7.2642 		0
v -17.8213 		7.4285 		0
v -17.952 		7.3974 		0
v -17.6402 		6.7553 		0
v -17.7091 		7.0928 		0
v -17.6914 		7.4594 		0
v -17.2181 		6.3999 		0
v -17.377 		6.4314 		0
v -16.9054 		6.3379 		0
v -17.0612 		6.3688 		0
v -16.7184 		6.1164 		0
v -16.9054 		6.151 		0
v -16.9054 		6.2128 		0
v -16.2766 		6.0576 		0
v -16.5554 		6.0922 		0
v -14.5632 		6.1739 		0
v -15.358 		6.067 		0
v -13.7614 		6.4944 		0
v -13.7614 		6.4314 		0
v -13.5509 		6.6183 		0
v -13.6554 		6.6183 		0
v -13.7614 		6.6183 		0
v -13.2802 		6.706 		0
v -13.447 		6.6183 		0
v -12.9822 		6.8987 		0
v -13.1259 		6.7997 		0
v -12.9586 		6.9128 		0
v -12.9754 		6.8987 		0
v -12.9777 		6.8987 		0
v -12.9257 		6.9408 		0
v -12.942 		6.9268 		0
v -12.5303 		7.2819 		0
v -12.7211 		7.108 		0
v -12.258 		7.5557 		0
v -12.3466 		7.4594 		0
v -12.0838 		7.7452 		0
v -12.1706 		7.6508 		0
v -11.9131 		7.9293 		0
v -11.9979 		7.8379 		0
v -11.7546 		8.0201 		0
v -11.7916 		8.0201 		0
v -11.8289 		8.0201 		0
v -11.565 		8.2278 		0
v -11.7178 		8.0201 		0
v -11.2462 		8.5808 		0
v -11.4427 		8.3732 		0
v -10.0753 		8.5809 		0
v -10.6608 		8.5809 		0
v -9.2975 		8.5809 		0
v -9.3931 		8.5809 		0
v -9.4899 		8.5809 		0
v -9.0221 		7.9508 		0
v -9.1647 		8.2296 		0
v -9.2025 		8.5809 		0
v -7.9803 		7.3773 		0
v -8.7309 		7.6463 		0
v -6.3729 		7.2725 		0
v -7.2508 		7.2667 		0
v -6.0571 		7.3351 		0
v -6.214 		7.304 		0
v -6.2296 		6.1286 		0
v -6.1139 		6.7468 		0
v -5.9013 		7.3659 		0
v -6.0894 		5.358 		0
v -6.2157 		5.4969 		0
v -5.636 		5.1114 		0
v -5.9392 		5.258 		0
v -5.2343 		4.9879 		0
v -5.4233 		5.0422 		0
v -4.943 		4.9284 		0
v -5.0592 		4.9481 		0
v -4.6339 		4.9011 		0
v -4.8069 		4.9143 		0
v -4.5403 		4.9083 		0
v -4.5854 		4.9048 		0
v -4.2886 		4.9252 		0
v -4.397 		4.9171 		0
v -4.4983 		4.9117 		0
v -3.5265 		5.1912 		0
v -4.1721 		4.9361 		0
v -2.8202 		6.0423 		0
v -3.1406 		5.4907 		0
v -2.7947 		6.0882 		0
v -2.8079 		6.0644 		0
v -2.7396 		6.209 		0
v -2.7806 		6.1138 		0
v -2.659 		6.3964 		0
v -2.6992 		6.303 		0
v -2.6086 		6.5122 		0
v -2.6338 		6.4543 		0
v -2.5478 		6.6515 		0
v -2.5658 		6.6104 		0
v -2.5834 		6.5701 		0
v -2.5041 		6.7536 		0
v -2.5295 		6.6935 		0
v -2.4542 		6.8719 		0
v -2.479 		6.813 		0
v -2.3183 		6.8507 		0
v -2.3863 		6.8609 		0
v -2.169 		6.8173 		0
v -2.2096 		6.8293 		0
v -2.2502 		6.8414 		0
v -2.0112 		6.8022 		0
v -2.1285 		6.8052 		0
v -1.7814 		6.7992 		0
v -1.8955 		6.8002 		0
v -0.6488 		6.8294 		0
v -1.2155 		6.7936 		0
v -0.0848 		6.9166 		0
v -0.0848 		6.8987 		0
v 0.7083 		7.1635 		0
v 0.3121 		7.0455 		0
v -0.0848 		6.9522 		0
v 1.2064 		7.3469 		0
v 1.1086 		7.3075 		0
v 1.7914 		7.5786 		0
v 1.5951 		7.5015 		0
v 1.3988 		7.4244 		0
v 2.1369 		7.7156 		0
v 1.9876 		7.6558 		0
v 2.4304 		7.8332 		0
v 2.2841 		7.7746 		0
v 2.4304 		7.6463 		0
v 2.4304 		7.7081 		0
v 2.4304 		7.7702 		0
v 3.8933 		7.6573 		0
v 3.1824 		7.6201 		0
v 4.6398 		7.867 		0
v 4.5723 		7.8332 		0
v 4.9699 		7.9267 		0
v 4.8797 		7.9267 		0
v 4.7884 		7.9267 		0
v 5.338 		7.7163 		0
v 5.1925 		7.8215 		0
v 5.0595 		7.9267 		0
v 5.7634 		7.4587 		0
v 5.5744 		7.5529 		0
v 6.1213 		7.3135 		0
v 5.9443 		7.3793 		0
v 6.3785 		7.2223 		0
v 6.2466 		7.267 		0
v 6.7568 		7.1627 		0
v 6.5176 		7.179 		0
v 7.2265 		7.1462 		0
v 6.993 		7.1515 		0
v 7.3035 		7.1446 		0
v 7.2647 		7.1453 		0
v 7.6064 		7.1465 		0
v 7.3429 		7.144 		0
v 7.9837 		7.1812 		0
v 7.8114 		7.1554 		0
v 8.5813 		7.2841 		0
v 8.2841 		7.2232 		0
v 8.8757 		7.4289 		0
v 8.8757 		7.3659 		0
v 9.1901 		7.5529 		0
v 9.1901 		7.5529 		0
v 9.0862 		7.5529 		0
v 9.266 		7.593 		0
v 9.1902 		7.553 		0
v 9.4085 		7.6727 		0
v 9.3387 		7.6329 		0
v 11.5456 		9.3457 		0
v 10.5852 		8.4384 		0
v 11.9766 		10.4329 		0
v 12 		10.3156 		0
v 11.8977 		10.6351 		0
v 11.9434 		10.5386 		0
v 11.8752 		10.6983 		0
v 11.8869 		10.6666 		0
v 11.7403 		10.8421 		0
v 11.8625 		10.7303 		0
v 11.5187 		10.9872 		0
v 11.6365 		10.9223 		0
v 11.4799 		11.0106 		0
v 11.4996 		10.9988 		0
v 11.4002 		11.0414 		0
v 11.4597 		11.0224 		0
v 11.2866 		11.0766 		0
v 11.3426 		11.0595 		0
v 11.2762 		11.0802 		0
v 11.2814 		11.0784 		0
v 11.2465 		11.0965 		0
v 11.2589 		11.0892 		0
v 11.2709 		11.082 		0
v 11.2231 		11.1044 		0
v 11.2337 		11.1041 		0
v 11.0247 		11.1634 		0
v 11.1188 		11.1327 		0
v 11.2026 		11.105 		0
v 10.8189 		11.2052 		0
v 10.9193 		11.1976 		0
v 10.6267 		11.2158 		0
v 10.7214 		11.2113 		0
v 10.1238 		11.2215 		0
v 10.3876 		11.2279 		0
v 9.7345 		11.1643 		0
v 9.8189 		11.1976 		0
v 9.5761 		11.0966 		0
v 9.6537 		11.1306 		0
v 9.3599 		10.9973 		0
v 9.4648 		11.0509 		0
v 9.0697 		10.8144 		0
v 9.2611 		10.9356 		0
v 8.734 		10.5434 		0
v 8.896 		10.6842 		0
v 8.7185 		10.5434 		0
v 8.7236 		10.5434 		0
v 8.7288 		10.5434 		0
v 8.5751 		10.3872 		0
v 8.6228 		10.4391 		0
v 8.6705 		10.4912 		0
v 8.5362 		10.3465 		0
v 8.5557 		10.367 		0
v 8.4686 		10.2723 		0
v 8.5167 		10.3258 		0
v 8.4034 		10.2001 		0
v 8.4357 		10.2359 		0
v 8.2844 		10.0703 		0
v 8.324 		10.1135 		0
v 8.3637 		10.1567 		0
v 8.1099 		9.8824 		0
v 8.1971 		9.9764 		0
v 7.9962 		9.7592 		0
v 8.0227 		9.7885 		0
v 7.8795 		9.6393 		0
v 7.9325 		9.7023 		0
v 7.9362 		9.7019 		0
v 7.7753 		9.5154 		0
v 7.8272 		9.5772 		0
v 7.7678 		9.632 		0
v 7.7715 		9.5741 		0
v 7.7556 		9.9184 		0
v 7.7584 		9.8428 		0
v 7.7613 		9.7667 		0
v 7.8263 		10.403 		0
v 7.8013 		10.38 		0
v 7.7753 		10.3565 		0
v 7.9011 		10.4406 		0
v 7.8738 		10.4325 		0
v 7.85 		10.4254 		0
v 7.9325 		10.4697 		0
v 7.9325 		10.4499 		0
v 8.0051 		10.5955 		0
v 7.9711 		10.553 		0
v 7.9325 		10.5091 		0
v 8.0713 		10.6369 		0
v 8.0529 		10.6369 		0
v 8.0345 		10.6369 		0
v 8.1022 		10.7123 		0
v 8.0897 		10.6369 		0
v 8.1196 		10.8295 		0
v 8.1122 		10.7754 		0
v 8.121 		11.114 		0
v 8.1332 		10.9634 		0
v 8.0896 		11.291 		0
v 8.0024 		11.3723 		0
v 7.8167 		11.52 		0
v 7.9114 		11.4485 		0
v 7.2872 		11.8537 		0
v 7.5634 		11.6961 		0
v 6.9253 		12.0188 		0
v 6.9841 		11.992 		0
v 6.8026 		12.0737 		0
v 6.8649 		12.046 		0
v 6.5804 		12.1354 		0
v 6.6912 		12.1059 		0
v 6.2943 		12.2056 		0
v 6.3832 		12.1844 		0
v 6.4701 		12.1622 		0
v 6.1078 		12.2376 		0
v 6.2032 		12.2256 		0
v 5.9172 		12.2561 		0
v 6.0125 		12.2478 		0
v 5.0756 		12.272 		0
v 5.502 		12.2824 		0
v 4.5212 		12.1914 		0
v 4.6312 		12.2256 		0
v 4.3046 		12.1211 		0
v 4.4122 		12.1567 		0
v 3.1508 		11.6365 		0
v 3.6883 		11.9161 		0
v 2.6446 		11.2259 		0
v 2.7132 		11.2919 		0
v 2.5188 		11.0866 		0
v 2.5797 		11.1575 		0
v 1.6954 		10.3213 		0
v 1.7819 		10.3799 		0
v 1.8179 		10.404 		0
v 1.5253 		10.2061 		0
v 1.61 		10.2635 		0
v 1.33 		10.0761 		0
v 1.4017 		10.1238 		0
v 1.4523 		10.1575 		0
v 1.4572 		10.0572 		0
v 1.415 		10.0635 		0
v 1.3725 		10.0698 		0
v 1.4318 		10.0254 		0
v 1.4479 		10.0469 		0
v 1.451 		10.0504 		0
v 1.3168 		9.9514 		0
v 1.33 		9.9827 		0
v 1.3533 		9.9827 		0
v 1.2907 		9.8892 		0
v 1.3037 		9.9202 		0
v 0.9845 		10.179 		0
v 1.0017 		10.0415 		0
v 1.0156 		9.8892 		0
v 0.9456 		10.4052 		0
v 0.9523 		10.3553 		0
v 0.9591 		10.3054 		0
v 0.9001 		10.5374 		0
v 0.9388 		10.4551 		0
v 0.7929 		10.648 		0
v 0.8578 		10.5975 		0
v 0.6368 		10.8195 		0
v 0.7224 		10.7322 		0
v 0.3553 		10.9837 		0
v 0.5341 		10.9114 		0
v 0.055 		11.0843 		0
v 0.1993 		11.0405 		0
v -0.112 		11.1321 		0
v -0.0203 		11.1119 		0
v -0.2772 		11.154 		0
v -0.2334 		11.1519 		0
v -0.3647 		11.1582 		0
v -0.3209 		11.1561 		0
v -0.5194 		11.173 		0
v -0.4393 		11.1658 		0
v -0.8009 		11.186 		0
v -0.6056 		11.1801 		0
v -0.9914 		11.423 		0
v -1.0806 		11.3123 		0
v -1.1853 		11.1976 		0
v -0.8718 		11.6175 		0
v -0.9176 		11.5347 		0
v -0.799 		11.7966 		0
v -0.8324 		11.7043 		0
v 0.5465 		13.9267 		0
v 0.3997 		13.7466 		0
v 0.2422 		13.5658 		0
v 0.7606 		14.1971 		0
v 0.7226 		14.1495 		0
v 0.6826 		14.1079 		0
v 1.6095 		15.2045 		0
v 1.2197 		14.7293 		0
v 0.7986 		14.2531 		0
v 1.9575 		15.6834 		0
v 1.9561 		15.6834 		0
v 1.9548 		15.6834 		0
v 2.1975 		16.0633 		0
v 1.9588 		15.6834 		0
v 2.5165 		16.8049 		0
v 2.3822 		16.4346 		0
v 2.5639 		16.8049 		0
v 2.5402 		16.8049 		0
v 2.5932 		16.898 		0
v 2.5876 		16.8049 		0
v 2.6042 		17.0812 		0
v 2.5987 		16.9899 		0
v 2.6073 		17.1683 		0
v 2.6057 		17.1249 		0
v 2.651 		17.6238 		0
v 2.6355 		17.415 		0
v 2.6088 		17.2114 		0
v 2.6394 		17.9008 		0
v 2.6558 		17.8391 		0
v 2.6035 		18.0069 		0
v 2.6223 		17.9565 		0
v 2.5934 		18.0776 		0
v 2.5987 		18.0422 		0
v 2.3371 		18.3452 		0
v 2.5876 		18.1132 		0
v 1.6444 		18.6739 		0
v 2.0332 		18.516 		0
v 0.488 		18.6678 		0
v 1.0563 		18.6988 		0
v -0.0848 		18.5175 		0
v -0.0848 		18.5805 		0
v -0.0848 		18.3936 		0
v -0.0848 		18.4553 		0
v -0.4461 		18.3631 		0
v -0.3992 		18.3936 		0
v -0.2954 		18.3936 		0
v -0.5371 		18.304 		0
v -0.4921 		18.3332 		0
v -0.5564 		18.3001 		0
v -0.55 		18.3014 		0
v -0.5435 		18.3027 		0
v -0.5795 		18.2763 		0
v -0.572 		18.284 		0
v -0.5644 		18.292 		0
v -2.121 		16.8105 		0
v -1.5066 		17.6036 		0
v -2.8542 		15.2627 		0
v -2.8289 		15.3145 		0
v -2.8035 		15.3663 		0
v -2.9178 		15.1319 		0
v -2.8795 		15.2108 		0
v -3.1129 		14.7283 		0
v -2.9931 		14.9766 		0
v -2.9555 		15.054 		0
v -3.2987 		14.2481 		0
v -3.2159 		14.4868 		0
v -3.3621 		14.1022 		0
v -3.3354 		14.1727 		0
v -3.7243 		13.1494 		0
v -3.5603 		13.5901 		0
v -3.3799 		14.0289 		0
v -3.9186 		12.5369 		0
v -3.8675 		12.7045 		0
v -4.1887 		12.0687 		0
v -4.1356 		12.1455 		0
v -4.0376 		12.212 		0
v -4.2609 		11.8444 		0
v -4.2396 		11.9244 		0
v -4.4831 		11.2924 		0
v -4.3975 		11.4898 		0
v -4.305 		11.6858 		0
v -4.9578 		10.3565 		0
v -4.9581 		10.3565 		0
v -4.9074 		10.4291 		0
v -5.4297 		10.1696 		0
v -5.3258 		10.1696 		0
v -5.2213 		10.1696 		0
v -5.4531 		10.1487 		0
v -5.4417 		10.1589 		0
v -5.6352 		10.0649 		0
v -5.5406 		10.1094 		0
v -5.4639 		10.1391 		0
v -5.5942 		10.8238 		0
v -5.6014 		10.8238 		0
v -5.6087 		10.8238 		0
v -5.3534 		11.02 		0
v -5.5869 		10.8238 		0
v -5.0947 		11.4162 		0
v -5.1925 		11.2148 		0
v -5.0544 		11.5649 		0
v -5.0689 		11.4899 		0
v -5.0466 		11.7121 		0
v -5.05 		11.6427 		0
v -5.0508 		11.858 		0
v -5.047 		11.7838 		0
v -5.0805 		11.9297 		0
v -5.0649 		11.8946 		0
v -5.1091 		12.0129 		0
v -5.1032 		11.9878 		0
v -5.0975 		11.9632 		0
v -5.1538 		12.0712 		0
v -5.1153 		12.0387 		0
v -5.2221 		12.1287 		0
v -5.1892 		12.1012 		0
v -5.3301 		12.2196 		0
v -5.2735 		12.1756 		0
v -5.5129 		12.3343 		0
v -5.3917 		12.2612 		0
v -5.9013 		12.5059 		0
v -5.6694 		12.408 		0
v -6.0327 		12.5263 		0
v -5.9675 		12.5164 		0
v -6.2112 		12.5514 		0
v -6.1518 		12.5439 		0
v -6.097 		12.5355 		0
v -6.4691 		12.5768 		0
v -6.2761 		12.5581 		0
v -6.8364 		12.5918 		0
v -6.6557 		12.5882 		0
v -6.9444 		12.5968 		0
v -6.8893 		12.5942 		0
v -7.0017 		12.5954 		0
v -7.0017 		12.5994 		0
v -7.2637 		12.5636 		0
v -7.1341 		12.5783 		0
v -7.0017 		12.5876 		0
v -7.5707 		12.5095 		0
v -7.3909 		12.5432 		0
v -7.9449 		12.4125 		0
v -7.7549 		12.4661 		0
v -8.0861 		12.3162 		0
v -8.0179 		12.3637 		0
v -8.2622 		12.2031 		0
v -8.206 		12.2372 		0
v -8.1496 		12.2696 		0
v -8.3758 		12.0931 		0
v -8.3183 		12.1672 		0
v -8.4679 		11.9544 		0
v -8.4255 		12.0223 		0
v -8.5588 		11.7643 		0
v -8.5207 		11.862 		0
v -8.6007 		11.491 		0
v -8.5829 		11.6594 		0
v -8.5737 		11.1041 		0
v -8.5947 		11.3094 		0
v -9.3594 		10.6508 		0
v -9.2601 		10.6825 		0
v -9.1596 		10.7146 		0
v -9.8133 		10.5059 		0
v -9.6368 		10.5622 		0
v -9.458 		10.6193 		0
v -10.0366 		10.5984 		0
v -9.9886 		10.45 		0
v -10.1414 		10.8661 		0
v -10.0864 		10.7367 		0
v -10.2433 		11.0867 		0
v -10.1898 		10.9763 		0
v -10.3196 		11.2109 		0
v -10.303 		11.1976 		0
v -10.3528 		11.2367 		0
v -10.3362 		11.2239 		0
v -10.4173 		11.3264 		0
v -10.382 		11.278 		0
v -10.563 		11.4227 		0
v -10.4602 		11.3845 		0
v -10.7121 		11.4763 		0
v -10.645 		11.4527 		0
v -10.9497 		11.6023 		0
v -10.8244 		11.5396 		0
v -11.6426 		11.7456 		0
v -11.089 		11.6649 		0
v -12.7199 		11.6532 		0
v -12.1752 		11.7508 		0
v -12.9793 		11.442 		0
v -12.8617 		11.5475 		0
v -13.2194 		11.2429 		0
v -13.1488 		11.2884 		0
v -13.0779 		11.334 		0
v -13.4367 		11.5233 		0
v -13.3433 		11.3796 		0
v -13.2898 		11.1976 		0
v -13.6967 		11.7638 		0
v -13.6374 		11.7102 		0
v -13.5834 		11.6561 		0
v -13.9333 		11.8596 		0
v -13.7614 		11.8167 		0
v -14.268 		11.9206 		0
v -14.1018 		11.894 		0
v -15.153 		11.9828 		0
v -14.7022 		11.9776 		0
v -15.9267 		11.837 		0
v -15.6478 		11.9452 		0
v -16.2743 		11.5728 		0
v -16.1131 		11.7315 		0
v -16.2766 		11.5714 		0
v -16.2759 		11.5719 		0
v -16.2751 		11.5723 		0
v -16.4355 		11.3717 		0
v -16.3644 		11.464 		0
v -16.5425 		11.2144 		0
v -16.515 		11.2527 		0
v -16.4887 		11.2892 		0
v -21.5703 		10.263 		0
v -22.0419 		9.8892 		0
v -24.761 		11.6778 		0
v -23.6832 		13.4405 		0
v -23.6772 		13.4405 		0
v -23.0401 		14.0992 		0
v -22.225 		15.2579 		0
v -22.0984 		15.421 		0
v -21.6641 		16.1507 		0
v -21.6499 		16.1507 		0
v -18.9552 		18.1822 		0
v -15.0012 		18.9031 		0
v -16.8368 		20.6703 		0
v -23.3988 		19.4442 		0
v -28.9071 		18.4801 		0
v -30.2154 		18.2093 		0
v -33.9138 		17.4364 		0
v -37.6048 		16.1507 		0
v -31.4314 		15.875 		0
v -30.4179 		12.8961 		0
v -31.0172 		11.3216 		0
v -31.1156 		11.0772 		0
v -32.8554 		6.4992 		0
v -33.885 		4.1885 		0
v -30.9689 		2.8656 		0
v -30.1149 		5.2518 		0
v -29.9754 		5.2458 		0
v -21.9812 		7.1925 		0
v -20.5498 		7.5005 		0
v -16.9054 		6.275 		0
v -13.7614 		6.5566 		0
v -12.9799 		6.8987 		0
v -0.0848 		6.9344 		0
v 4.692 		7.8931 		0
v 8.8757 		7.4911 		0
v 8.9816 		7.5529 		0
v 7.9399 		9.7016 		0
v 7.7642 		9.6895 		0
v 2.465 		11.0084 		0
v 1.8538 		10.4282 		0
v 1.4541 		10.0538 		0
v 1.3766 		9.9827 		0
v -0.7163 		12.0941 		0
v -0.0256 		13.2582 		0
v -0.1908 		18.3936 		0
v -4.5651 		11.0924 		0
v -4.8709 		10.4814 		0
v -5.7592 		10.0025 		0
v -16.5714 		11.1742 		0
v -25.1642 		10.5498 		0
v -23.044 		14.1038 		0
v -22.817 		14.4296 		0
v -22.162 		15.3395 		0
v -20.8617 		17.838 		0
v -18.3327 		18.3005 		0
v -16.1311 		20.8048 		0
v -20.6783 		19.966 		0
v -24.8003 		19.1961 		0
v -30.0502 		18.241 		0
v -34.3322 		17.3382 		0
v -32.1596 		15.7116 		0
v -31.7932 		15.8005 		0
v -31.0978 		11.1214 		0
v -32.8622 		6.4776 		0
v -33.4167 		5.0453 		0
v -33.7051 		4.2449 		0
v -33.726 		4.1885 		0
v -34.9466 		1.7587 		0
v -30.1065 		5.3081 		0
v -26.6156 		6.1883 		0
v -20.6783 		7.5529 		0
v 1.3029 		7.3858 		0
v 4.7345 		7.9144 		0
v 8.8757 		7.5529 		0
v 11.2128 		11.1047 		0
v 7.9699 		9.7301 		0
v 7.9436 		9.7012 		0
v 7.7442 		10.0842 		0
v 7.9325 		10.4894 		0
v 1.8899 		10.4524 		0
v 1.3999 		9.9827 		0
v -0.9937 		11.1918 		0
v -3.9744 		12.3735 		0
v -4.2827 		11.7649 		0
v -4.6461 		10.8966 		0
v -4.8398 		10.526 		0
v -5.1153 		10.1696 		0
v -7.0017 		12.5915 		0
v -17.8735 		10.5432 		0
v -23.6494 		13.4871 		0
v -23.5209 		13.846 		0
v -18.6441 		18.2415 		0
v -23.4333 		19.4373 		0
v -30.4829 		12.7075 		0
v -31.0799 		11.1659 		0
v -32.9446 		6.2228 		0
v -25.5872 		7.6684 		0
v 2.4127 		10.9365 		0
v 1.4158 		10.004 		0
v -0.6067 		12.378 		0
v -4.9575 		10.3565 		0
v -17.8702 		10.2635 		0
v -22.385 		9.7762 		0
v -16.5713 		18.6281 		0
v -24.1322 		19.3094 		0
v -30.5497 		12.5191 		0
v -30.8626 		3.1223 		0
v -25.5515 		7.7398 		0
v 4.7525 		7.9185 		0
v -4.9572 		10.3566 		0
v -5.7462 		10.5614 		0
v -17.8486 		9.9827 		0
v -22.4899 		9.6987 		0
v -16.8659 		18.5763 		0
v -18.9444 		20.2762 		0
v -26.8259 		18.841 		0
v -21.1401 		7.528 		0
v 4.7704 		7.9226 		0
v 2.3605 		10.8694 		0
v 2.0612 		10.5856 		0
v -0.2653 		12.9558 		0
v -8.7731 		10.9058 		0
v -18.2297 		20.409 		0
v -20.9426 		7.5474 		0
v 7.7493 		10.1978 		0
v 2.2181 		10.7234 		0
v -5.7827 		10.2945 		0
v -16.9274 		10.748 		0
v -20.8746 		11.0511 		0
v -23.4679 		19.4305 		0
v -33.0449 		5.9257 		0
v -0.4714 		12.6514 		0
v -17.3567 		10.3589 		0
v -16.9652 		20.646 		0
v -30.1932 		16.1422 		0
v -32.9941 		6.0742 		0
v -4.7355 		10.7086 		0
v -17.0548 		20.6291 		0
v -29.7317 		16.2305 		0
v -25.427 		7.7398 		0
v -17.1818 		20.6051 		0
v -25.489 		7.7398 		0
v -8.925 		10.8048 		0
v 1.1982 		9.8892 		0
v 1.1066 		9.8892 		0
v -5.0062 		10.2944 		0
v -24.4172 		12.4349 		0
v -5.0589 		10.2321 		0
v -24.5988 		12.0597 		0
v -17.8486 		10.8238 		2
v -17.4734 		11.2086 		2
v -17.3436 		11.5858 		2
v -17.377 		12.0387 		2
v -17.5495 		12.2275 		2
v -17.7499 		12.3526 		2
v -18.1213 		12.4868 		2
v -18.1349 		12.4931 		2
v -18.1488 		12.4994 		2
v -18.163 		12.5059 		2
v -18.1739 		12.5075 		2
v -18.1847 		12.509 		2
v -18.1954 		12.5106 		2
v -18.2813 		12.5378 		2
v -18.3752 		12.5673 		2
v -18.4775 		12.5994 		2
v -18.7342 		12.6042 		2
v -18.9821 		12.5968 		2
v -19.223 		12.5772 		2
v -19.3829 		12.5623 		2
v -19.5523 		12.5388 		2
v -19.7351 		12.5059 		2
v -19.7731 		12.4914 		2
v -19.8102 		12.4769 		2
v -19.8463 		12.4626 		2
v -19.9303 		12.4398 		2
v -20.0143 		12.4154 		2
v -20.0986 		12.3891 		2
v -20.4084 		12.1891 		2
v -20.6551 		11.9825 		2
v -20.8102 		11.7463 		2
v -20.8185 		11.7503 		2
v -20.827 		11.7543 		2
v -20.8355 		11.7583 		2
v -20.8334 		11.7348 		2
v -20.8312 		11.7116 		2
v -20.829 		11.6887 		2
v -20.8376 		11.6519 		2
v -20.8439 		11.6141 		2
v -20.8478 		11.575 		2
v -20.831 		11.2965 		2
v -21.0615 		10.8004 		2
v -21.2383 		10.6775 		2
v -21.33 		10.5806 		2
v -21.4152 		10.4266 		2
v -21.4317 		10.3715 		2
v -21.4481 		10.3171 		2
v -21.4643 		10.263 		2
v -21.6748 		10.263 		2
v -21.7787 		10.263 		2
v -21.8374 		10.1233 		2
v -21.8782 		10.0264 		2
v -21.9359 		9.8892 		2
v -22.1464 		9.8892 		2
v -22.2503 		9.8892 		2
v -22.2503 		9.8892 		2
v -22.5921 		9.6438 		2
v -22.741 		9.8298 		2
v -22.898 		10.009 		2
v -23.0749 		10.1815 		2
v -23.1228 		10.2365 		2
v -23.1753 		10.2909 		2
v -23.2328 		10.3448 		2
v -23.3151 		10.3761 		2
v -23.3871 		10.4027 		2
v -23.4522 		10.4251 		2
v -23.4704 		10.4334 		2
v -23.489 		10.4417 		2
v -23.5079 		10.4499 		2
v -23.5827 		10.4647 		2
v -23.6496 		10.4778 		2
v -23.7097 		10.489 		2
v -23.8928 		10.5216 		2
v -24.0882 		10.542 		2
v -24.3007 		10.5525 		2
v -24.4585 		10.551 		2
v -24.6163 		10.5494 		2
v -24.7741 		10.5479 		2
v -24.8381 		10.5509 		2
v -24.9039 		10.5533 		2
v -24.9719 		10.5551 		2
v -25.0853 		10.5519 		2
v -25.2348 		10.5478 		2
v -25.0424 		10.9337 		2
v -24.8846 		11.3087 		2
v -24.1965 		12.8026 		2
v -24.0415 		12.9801 		2
v -23.8951 		13.1575 		2
v -23.7616 		13.3376 		2
v -23.7316 		13.3744 		2
v -23.7057 		13.4083 		2
v -23.6711 		13.4405 		2
v -23.6651 		13.4405 		2
v -23.6573 		13.4638 		2
v -23.6416 		13.5104 		2
v -23.6136 		13.5672 		2
v -23.5837 		13.6347 		2
v -23.5485 		13.7178 		2
v -23.5481 		13.7188 		2
v -23.5476 		13.7198 		2
v -23.5472 		13.7209 		2
v -23.534 		13.7838 		2
v -23.5079 		13.9078 		2
v -23.4019 		13.9078 		2
v -23.2974 		13.9078 		2
v -23.1935 		13.9078 		2
v -23.1405 		13.9708 		2
v -23.0882 		14.0329 		2
v -23.0363 		14.0947 		2
v -23.0478 		14.1083 		2
v -23.0341 		14.1272 		2
v -23.0205 		14.146 		2
v -23.0068 		14.1648 		2
v -22.912 		14.2972 		2
v -22.7219 		14.5619 		2
v -22.5521 		14.7933 		2
v -22.3863 		15.0252 		2
v -22.0341 		15.5023 		2
v -21.91 		15.6564 		2
v -21.8394 		15.7722 		2
v -21.8234 		15.8801 		2
v -21.7694 		15.97 		2
v -21.7163 		16.0602 		2
v -21.6357 		16.1507 		2
v -21.6215 		16.1507 		2
v -21.3843 		16.6169 		2
v -21.195 		17.0869 		2
v -21.1204 		17.57 		2
v -21.1303 		17.6586 		2
v -21.1401 		17.746 		2
v -21.1499 		17.8329 		2
v -21.0439 		17.8329 		2
v -20.9393 		17.8329 		2
v -20.8355 		17.8329 		2
v -20.8486 		17.8354 		2
v -20.8747 		17.8406 		2
v -20.8018 		17.8479 		2
v -20.7176 		17.8587 		2
v -20.6178 		17.8736 		2
v -20.3246 		17.924 		2
v -19.8895 		18.0047 		2
v -19.2662 		18.1227 		2
v -18.2289 		18.3201 		2
v -18.1264 		18.3394 		2
v -18.0246 		18.3585 		2
v -17.803 		18.4008 		2
v -17.6493 		18.4302 		2
v -17.4317 		18.4717 		2
v -17.3388 		18.4895 		2
v -17.2485 		18.507 		2
v -17.1604 		18.5244 		2
v -16.2766 		18.6798 		2
v -15.9256 		18.7407 		2
v -15.5746 		18.8019 		2
v -15.224 		18.8636 		2
v -15.1118 		18.8834 		2
v -14.8913 		18.9225 		2
v -14.5169 		18.9877 		2
v -14.162 		19.0578 		2
v -13.8299 		19.1412 		2
v -13.807 		19.1412 		2
v -13.7842 		19.1412 		2
v -13.7614 		19.1412 		2
v -13.4572 		19.2485 		2
v -13.2534 		19.3454 		2
v -12.9754 		19.515 		2
v -12.879 		19.7209 		2
v -12.8291 		19.9041 		2
v -12.8266 		20.0746 		2
v -12.8578 		20.3278 		2
v -12.9636 		20.5758 		2
v -13.1522 		20.8176 		2
v -14.0745 		20.9924 		2
v -15.023 		20.969 		2
v -15.9727 		20.8351 		2
v -16.0519 		20.8199 		2
v -16.2103 		20.7896 		2
v -16.4272 		20.7561 		2
v -16.6359 		20.7176 		2
v -19.776 		20.1233 		2
v -20.0684 		20.0852 		2
v -20.3659 		20.0378 		2
v -20.6783 		19.9823 		2
v -20.6783 		19.9742 		2
v -20.6783 		19.958 		2
v -21.369 		19.8316 		2
v -22.0589 		19.7036 		2
v -22.7467 		19.572 		2
v -22.9528 		19.5321 		2
v -23.1586 		19.4918 		2
v -23.3642 		19.4511 		2
v -25.4729 		19.0886 		2
v -25.7476 		19.0457 		2
v -26.0201 		19.0012 		2
v -26.2914 		18.9549 		2
v -26.4076 		18.9427 		2
v -26.5183 		18.9234 		2
v -26.6227 		18.8956 		2
v -26.6848 		18.8841 		2
v -26.7469 		18.8726 		2
v -26.8091 		18.8608 		2
v -26.8175 		18.8509 		2
v -26.8342 		18.8311 		2
v -27.2121 		18.7653 		2
v -27.5896 		18.6987 		2
v -27.9665 		18.6311 		2
v -28.1899 		18.6073 		2
v -28.4244 		18.5712 		2
v -28.6787 		18.5252 		2
v -28.7937 		18.5025 		2
v -29.0198 		18.4578 		2
v -29.3747 		18.3904 		2
v -29.7174 		18.3199 		2
v -30.3806 		18.1778 		2
v -30.5458 		18.1463 		2
v -31.537 		17.9561 		2
v -32.522 		17.7562 		2
v -33.4964 		17.5375 		2
v -34.754 		17.2433 		2
v -34.9058 		17.2101 		2
v -35.0562 		17.1767 		2
v -35.2052 		17.143 		2
v -35.2343 		17.1369 		2
v -35.2634 		17.1303 		2
v -35.2926 		17.1229 		2
v -35.6041 		17.0488 		2
v -35.9098 		16.9712 		2
v -36.21 		16.889 		2
v -36.2204 		16.8921 		2
v -36.2308 		16.8952 		2
v -36.2413 		16.8983 		2
v -36.2414 		16.8983 		2
v -36.3556 		16.8672 		2
v -36.4348 		16.8456 		2
v -36.5471 		16.8151 		2
v -36.6625 		16.7723 		2
v -36.7765 		16.73 		2
v -36.8897 		16.688 		2
v -37.1423 		16.5958 		2
v -37.3003 		16.5291 		2
v -37.4989 		16.431 		2
v -37.4989 		16.368 		2
v -37.4989 		16.3059 		2
v -37.4989 		16.2441 		2
v -37.4989 		16.2129 		2
v -37.4989 		16.1818 		2
v -37.4989 		16.1507 		2
v -37.7094 		16.1507 		2
v -37.8133 		16.1507 		2
v -37.925 		16.0055 		2
v -37.9734 		15.8617 		2
v -38 		15.5958 		2
v -37.9345 		15.2603 		2
v -37.7115 		14.9959 		2
v -37.3318 		14.7313 		2
v -36.9831 		14.6095 		2
v -36.6948 		14.5461 		2
v -36.3357 		14.5293 		2
v -36.0592 		14.5255 		2
v -35.7679 		14.5374 		2
v -35.4552 		14.5619 		2
v -35.0752 		14.6975 		2
v -34.8372 		14.857 		2
v -34.6299 		15.0935 		2
v -34.5902 		15.1663 		2
v -34.551 		15.2382 		2
v -34.512 		15.3096 		2
v -34.3183 		15.3099 		2
v -34.1772 		15.3121 		2
v -34.0688 		15.318 		2
v -33.9957 		15.3262 		2
v -33.921 		15.3386 		2
v -33.836 		15.3558 		2
v -33.598 		15.3839 		2
v -33.3611 		15.4221 		2
v -33.123 		15.4728 		2
v -32.595 		15.604 		2
v -31.7113 		15.8173 		2
v -31.63 		15.834 		2
v -31.5488 		15.8506 		2
v -31.3155 		15.899 		2
v -31.2004 		15.9229 		2
v -30.9891 		15.9681 		2
v -30.782 		16.0161 		2
v -30.5779 		16.0669 		2
v -29.1672 		16.3376 		2
v -29.5121 		15.4245 		2
v -29.8538 		14.5108 		2
v -30.1817 		13.5954 		2
v -30.2955 		13.3582 		2
v -30.3735 		13.1288 		2
v -30.6182 		12.3309 		2
v -30.7635 		11.9942 		2
v -30.8979 		11.6584 		2
v -31.0202 		11.3141 		2
v -31.0232 		11.3067 		2
v -31.0262 		11.2993 		2
v -31.0273 		11.2965 		2
v -31.0284 		11.2938 		2
v -31.0295 		11.291 		2
v -31.0376 		11.291 		2
v -31.0456 		11.291 		2
v -31.0536 		11.291 		2
v -31.0624 		11.2492 		2
v -31.0712 		11.2075 		2
v -31.1334 		11.0329 		2
v -31.7345 		9.5403 		2
v -32.3144 		8.0447 		2
v -32.8418 		6.5424 		2
v -32.8486 		6.5208 		2
v -32.8882 		6.4622 		2
v -32.9141 		6.4468 		2
v -32.94 		6.4314 		2
v -32.9421 		6.3619 		2
v -32.9437 		6.2923 		2
v -33.0972 		5.7772 		2
v -33.2104 		5.7011 		2
v -33.269 		5.6041 		2
v -33.3232 		5.4034 		2
v -33.3663 		5.2238 		2
v -33.4732 		4.8677 		2
v -33.4808 		4.8482 		2
v -33.4883 		4.8286 		2
v -33.4958 		4.8091 		2
v -33.5237 		4.7338 		2
v -33.5513 		4.6595 		2
v -33.5786 		4.5857 		2
v -33.607 		4.5094 		2
v -33.635 		4.4341 		2
v -33.6628 		4.3593 		2
v -33.6841 		4.3018 		2
v -34.0418 		4.1885 		2
v -34.1976 		4.1885 		2
v -34.1976 		4.1255 		2
v -34.1976 		4.0633 		2
v -34.1976 		4.0016 		2
v -34.3036 		4.0016 		2
v -34.4082 		4.0016 		2
v -34.512 		4.0016 		2
v -34.6569 		3.8122 		2
v -34.774 		3.6226 		2
v -34.8656 		3.4312 		2
v -34.9058 		3.3422 		2
v -34.9449 		3.252 		2
v -34.9836 		3.1605 		2
v -35.0415 		2.7326 		2
v -35.0567 		2.3181 		2
v -34.9895 		1.9189 		2
v -34.9876 		1.8655 		2
v -34.9857 		1.8121 		2
v -34.9836 		1.7587 		2
v -34.965 		1.7587 		2
v -34.9282 		1.7587 		2
v -34.8871 		1.6765 		2
v -34.8391 		1.5953 		2
v -34.784 		1.5149 		2
v -34.771 		1.4949 		2
v -34.7556 		1.4742 		2
v -34.7376 		1.4525 		2
v -34.6669 		1.3647 		2
v -34.5768 		1.2789 		2
v -34.4681 		1.1904 		2
v -34.4317 		1.1616 		2
v -34.394 		1.133 		2
v -34.3549 		1.1046 		2
v -34.3549 		1.1045 		2
v -33.6688 		1.0116 		2
v -32.9973 		1.0116 		2
v -32.3112 		1.1045 		2
v -32.3111 		1.1045 		2
v -32.3111 		1.1046 		2
v -31.9204 		1.3681 		2
v -31.6201 		1.6497 		2
v -31.3976 		1.9479 		2
v -31.2658 		2.1583 		2
v -31.1554 		2.3774 		2
v -31.0634 		2.6056 		2
v -30.7429 		3.3788 		2
v -30.7009 		3.4622 		2
v -30.6597 		3.5451 		2
v -30.6193 		3.6278 		2
v -30.6069 		3.6278 		2
v -30.5944 		3.6278 		2
v -30.582 		3.6278 		2
v -30.4516 		3.9296 		2
v -30.3433 		4.2291 		2
v -30.2551 		4.5293 		2
v -30.1991 		4.7335 		2
v -30.1546 		4.9406 		2
v -30.1227 		5.1515 		2
v -30.1181 		5.2107 		2
v -30.1104 		5.3099 		2
v -30.1091 		5.3093 		2
v -30.1078 		5.3087 		2
v -29.846 		5.1842 		2
v -29.7174 		5.123 		2
v -29.6404 		5.0937 		2
v -29.5651 		5.0668 		2
v -29.4914 		5.0422 		2
v -29.3882 		5.0057 		2
v -29.2805 		4.9704 		2
v -29.1672 		4.9361 		2
v -28.8934 		4.912 		2
v -28.629 		4.9013 		2
v -28.3713 		4.9056 		2
v -28.2257 		4.9128 		2
v -28.0722 		4.9231 		2
v -27.9096 		4.9361 		2
v -27.8785 		4.9494 		2
v -27.8482 		4.9625 		2
v -27.8186 		4.9756 		2
v -27.725 		4.9966 		2
v -27.6309 		5.0204 		2
v -27.5362 		5.0471 		2
v -27.3485 		5.1876 		2
v -27.2037 		5.33 		2
v -27.0878 		5.4808 		2
v -27.0212 		5.5611 		2
v -26.955 		5.6479 		2
v -26.8877 		5.7422 		2
v -26.7568 		5.9674 		2
v -26.4597 		6.408 		2
v -26.1748 		6.776 		2
v -25.9049 		7.1458 		2
v -25.6596 		7.5237 		2
v -25.6232 		7.5965 		2
v -25.3654 		7.7398 		2
v -25.1792 		7.5363 		2
v -24.9342 		7.3494 		2
v -24.6083 		7.179 		2
v -24.5787 		7.1775 		2
v -24.5494 		7.1761 		2
v -24.5204 		7.1747 		2
v -24.2622 		7.0798 		2
v -23.9796 		7.009 		2
v -23.6547 		6.9655 		2
v -23.0396 		6.9825 		2
v -22.5066 		7.055 		2
v -22.0039 		7.1993 		2
v -21.9586 		7.1858 		2
v -21.9359 		7.179 		2
v -21.7027 		7.2832 		2
v -21.4923 		7.3849 		2
v -21.304 		7.4902 		2
v -20.4606 		7.4641 		2
v -20.3344 		7.4127 		2
v -19.5902 		7.2632 		2
v -18.8532 		7.2642 		2
v -18.0844 		7.3659 		2
v -17.952 		7.3974 		2
v -17.8213 		7.4285 		2
v -17.6914 		7.4594 		2
v -17.7091 		7.0928 		2
v -17.6402 		6.7553 		2
v -17.377 		6.4314 		2
v -17.2181 		6.3999 		2
v -17.0612 		6.3688 		2
v -16.9054 		6.3379 		2
v -16.9054 		6.2128 		2
v -16.9054 		6.151 		2
v -16.7184 		6.1164 		2
v -16.5554 		6.0922 		2
v -16.2766 		6.0576 		2
v -15.358 		6.067 		2
v -14.5632 		6.1739 		2
v -13.7614 		6.4314 		2
v -13.7614 		6.4944 		2
v -13.7614 		6.6183 		2
v -13.6554 		6.6183 		2
v -13.5509 		6.6183 		2
v -13.447 		6.6183 		2
v -13.2802 		6.706 		2
v -13.1259 		6.7997 		2
v -12.9822 		6.8987 		2
v -12.9777 		6.8987 		2
v -12.9754 		6.8987 		2
v -12.9586 		6.9128 		2
v -12.942 		6.9268 		2
v -12.9257 		6.9408 		2
v -12.7211 		7.108 		2
v -12.5303 		7.2819 		2
v -12.3466 		7.4594 		2
v -12.258 		7.5557 		2
v -12.1706 		7.6508 		2
v -12.0838 		7.7452 		2
v -11.9979 		7.8379 		2
v -11.9131 		7.9293 		2
v -11.8289 		8.0201 		2
v -11.7916 		8.0201 		2
v -11.7546 		8.0201 		2
v -11.7178 		8.0201 		2
v -11.565 		8.2278 		2
v -11.4427 		8.3732 		2
v -11.2462 		8.5808 		2
v -10.6608 		8.5809 		2
v -10.0753 		8.5809 		2
v -9.4899 		8.5809 		2
v -9.3931 		8.5809 		2
v -9.2975 		8.5809 		2
v -9.2025 		8.5809 		2
v -9.1647 		8.2296 		2
v -9.0221 		7.9508 		2
v -8.7309 		7.6463 		2
v -7.9803 		7.3773 		2
v -7.2508 		7.2667 		2
v -6.3729 		7.2725 		2
v -6.214 		7.304 		2
v -6.0571 		7.3351 		2
v -5.9013 		7.3659 		2
v -6.1139 		6.7468 		2
v -6.2296 		6.1286 		2
v -6.2157 		5.4969 		2
v -6.0894 		5.358 		2
v -5.9392 		5.258 		2
v -5.636 		5.1114 		2
v -5.4233 		5.0422 		2
v -5.2343 		4.9879 		2
v -5.0592 		4.9481 		2
v -4.943 		4.9284 		2
v -4.8069 		4.9143 		2
v -4.6339 		4.9011 		2
v -4.5854 		4.9048 		2
v -4.5403 		4.9083 		2
v -4.4983 		4.9117 		2
v -4.397 		4.9171 		2
v -4.2886 		4.9252 		2
v -4.1721 		4.9361 		2
v -3.5265 		5.1912 		2
v -3.1406 		5.4907 		2
v -2.8202 		6.0423 		2
v -2.8079 		6.0644 		2
v -2.7947 		6.0882 		2
v -2.7806 		6.1138 		2
v -2.7396 		6.209 		2
v -2.6992 		6.303 		2
v -2.659 		6.3964 		2
v -2.6338 		6.4543 		2
v -2.6086 		6.5122 		2
v -2.5834 		6.5701 		2
v -2.5658 		6.6104 		2
v -2.5478 		6.6515 		2
v -2.5295 		6.6935 		2
v -2.5041 		6.7536 		2
v -2.479 		6.813 		2
v -2.4542 		6.8719 		2
v -2.3863 		6.8609 		2
v -2.3183 		6.8507 		2
v -2.2502 		6.8414 		2
v -2.2096 		6.8293 		2
v -2.169 		6.8173 		2
v -2.1285 		6.8052 		2
v -2.0112 		6.8022 		2
v -1.8955 		6.8002 		2
v -1.7814 		6.7992 		2
v -1.2155 		6.7936 		2
v -0.6488 		6.8294 		2
v -0.0848 		6.8987 		2
v -0.0848 		6.9166 		2
v -0.0848 		6.9522 		2
v 0.3121 		7.0455 		2
v 0.7083 		7.1635 		2
v 1.1086 		7.3075 		2
v 1.2064 		7.3469 		2
v 1.3988 		7.4244 		2
v 1.5951 		7.5015 		2
v 1.7914 		7.5786 		2
v 1.9876 		7.6558 		2
v 2.1369 		7.7156 		2
v 2.2841 		7.7746 		2
v 2.4304 		7.8332 		2
v 2.4304 		7.7702 		2
v 2.4304 		7.7081 		2
v 2.4304 		7.6463 		2
v 3.1824 		7.6201 		2
v 3.8933 		7.6573 		2
v 4.5723 		7.8332 		2
v 4.6398 		7.867 		2
v 4.7884 		7.9267 		2
v 4.8797 		7.9267 		2
v 4.9699 		7.9267 		2
v 5.0595 		7.9267 		2
v 5.1925 		7.8215 		2
v 5.338 		7.7163 		2
v 5.5744 		7.5529 		2
v 5.7634 		7.4587 		2
v 5.9443 		7.3793 		2
v 6.1213 		7.3135 		2
v 6.2466 		7.267 		2
v 6.3785 		7.2223 		2
v 6.5176 		7.179 		2
v 6.7568 		7.1627 		2
v 6.993 		7.1515 		2
v 7.2265 		7.1462 		2
v 7.2647 		7.1453 		2
v 7.3035 		7.1446 		2
v 7.3429 		7.144 		2
v 7.6064 		7.1465 		2
v 7.8114 		7.1554 		2
v 7.9837 		7.1812 		2
v 8.2841 		7.2232 		2
v 8.5813 		7.2841 		2
v 8.8757 		7.3659 		2
v 8.8757 		7.4289 		2
v 9.0862 		7.5529 		2
v 9.1901 		7.5529 		2
v 9.1901 		7.5529 		2
v 9.1902 		7.5529 		2
v 9.266 		7.593 		2
v 9.3387 		7.6329 		2
v 9.4085 		7.6727 		2
v 10.5852 		8.4384 		2
v 11.5456 		9.3457 		2
v 12 		10.3156 		2
v 11.9766 		10.4329 		2
v 11.9434 		10.5386 		2
v 11.8977 		10.6351 		2
v 11.8869 		10.6666 		2
v 11.8752 		10.6983 		2
v 11.8625 		10.7303 		2
v 11.7403 		10.8421 		2
v 11.6365 		10.9223 		2
v 11.5187 		10.9872 		2
v 11.4996 		10.9988 		2
v 11.4799 		11.0106 		2
v 11.4597 		11.0224 		2
v 11.4002 		11.0414 		2
v 11.3426 		11.0595 		2
v 11.2866 		11.0766 		2
v 11.2814 		11.0784 		2
v 11.2762 		11.0802 		2
v 11.2709 		11.082 		2
v 11.2589 		11.0892 		2
v 11.2465 		11.0965 		2
v 11.2337 		11.1041 		2
v 11.2231 		11.1044 		2
v 11.2026 		11.105 		2
v 11.1188 		11.1327 		2
v 11.0247 		11.1634 		2
v 10.9193 		11.1976 		2
v 10.8189 		11.2052 		2
v 10.7214 		11.2113 		2
v 10.6267 		11.2158 		2
v 10.3876 		11.2279 		2
v 10.1238 		11.2215 		2
v 9.8189 		11.1976 		2
v 9.7345 		11.1643 		2
v 9.6537 		11.1306 		2
v 9.5761 		11.0966 		2
v 9.4648 		11.0509 		2
v 9.3599 		10.9973 		2
v 9.2611 		10.9356 		2
v 9.0697 		10.8144 		2
v 8.896 		10.6842 		2
v 8.734 		10.5434 		2
v 8.7288 		10.5434 		2
v 8.7236 		10.5434 		2
v 8.7185 		10.5434 		2
v 8.6705 		10.4912 		2
v 8.6228 		10.4391 		2
v 8.5751 		10.3872 		2
v 8.5557 		10.367 		2
v 8.5362 		10.3465 		2
v 8.5167 		10.3258 		2
v 8.4686 		10.2723 		2
v 8.4357 		10.2359 		2
v 8.4034 		10.2001 		2
v 8.3637 		10.1567 		2
v 8.324 		10.1135 		2
v 8.2844 		10.0703 		2
v 8.1971 		9.9764 		2
v 8.1099 		9.8824 		2
v 8.0227 		9.7885 		2
v 7.9962 		9.7592 		2
v 7.9362 		9.7019 		2
v 7.9325 		9.7023 		2
v 7.8795 		9.6393 		2
v 7.8272 		9.5772 		2
v 7.7753 		9.5154 		2
v 7.7715 		9.5741 		2
v 7.7678 		9.632 		2
v 7.7613 		9.7667 		2
v 7.7584 		9.8428 		2
v 7.7556 		9.9184 		2
v 7.7753 		10.3565 		2
v 7.8013 		10.38 		2
v 7.8263 		10.403 		2
v 7.85 		10.4254 		2
v 7.8738 		10.4325 		2
v 7.9011 		10.4406 		2
v 7.9325 		10.4499 		2
v 7.9325 		10.4697 		2
v 7.9325 		10.5091 		2
v 7.9711 		10.553 		2
v 8.0051 		10.5955 		2
v 8.0345 		10.6369 		2
v 8.0529 		10.6369 		2
v 8.0713 		10.6369 		2
v 8.0897 		10.6369 		2
v 8.1022 		10.7123 		2
v 8.1122 		10.7754 		2
v 8.1196 		10.8295 		2
v 8.1332 		10.9634 		2
v 8.121 		11.114 		2
v 8.0897 		11.291 		2
v 8.0024 		11.3723 		2
v 7.9114 		11.4485 		2
v 7.8167 		11.52 		2
v 7.5634 		11.6961 		2
v 7.2872 		11.8537 		2
v 6.9841 		11.992 		2
v 6.9253 		12.0188 		2
v 6.8649 		12.046 		2
v 6.8026 		12.0737 		2
v 6.6912 		12.1059 		2
v 6.5804 		12.1354 		2
v 6.4701 		12.1622 		2
v 6.3832 		12.1844 		2
v 6.2943 		12.2056 		2
v 6.2032 		12.2256 		2
v 6.1078 		12.2376 		2
v 6.0125 		12.2478 		2
v 5.9172 		12.2561 		2
v 5.502 		12.2824 		2
v 5.0756 		12.272 		2
v 4.6312 		12.2256 		2
v 4.5212 		12.1914 		2
v 4.4122 		12.1567 		2
v 4.3046 		12.1211 		2
v 3.6883 		11.9161 		2
v 3.1508 		11.6365 		2
v 2.7132 		11.2919 		2
v 2.6446 		11.2259 		2
v 2.5797 		11.1575 		2
v 2.5188 		11.0866 		2
v 1.8179 		10.404 		2
v 1.7819 		10.3799 		2
v 1.6954 		10.3213 		2
v 1.61 		10.2635 		2
v 1.5253 		10.2061 		2
v 1.4523 		10.1575 		2
v 1.4017 		10.1238 		2
v 1.33 		10.0761 		2
v 1.3725 		10.0698 		2
v 1.415 		10.0635 		2
v 1.4572 		10.0572 		2
v 1.451 		10.0504 		2
v 1.4479 		10.0469 		2
v 1.4318 		10.0254 		2
v 1.3533 		9.9827 		2
v 1.33 		9.9827 		2
v 1.3168 		9.9514 		2
v 1.3037 		9.9202 		2
v 1.2907 		9.8892 		2
v 1.0156 		9.8892 		2
v 1.0017 		10.0415 		2
v 0.9845 		10.179 		2
v 0.9591 		10.3054 		2
v 0.9523 		10.3553 		2
v 0.9456 		10.4052 		2
v 0.9388 		10.4551 		2
v 0.9001 		10.5374 		2
v 0.8578 		10.5975 		2
v 0.7929 		10.648 		2
v 0.7224 		10.7322 		2
v 0.6368 		10.8195 		2
v 0.5341 		10.9114 		2
v 0.3553 		10.9837 		2
v 0.1993 		11.0405 		2
v 0.055 		11.0843 		2
v -0.0203 		11.1119 		2
v -0.112 		11.1321 		2
v -0.2334 		11.1519 		2
v -0.2772 		11.154 		2
v -0.3209 		11.1561 		2
v -0.3647 		11.1582 		2
v -0.4393 		11.1658 		2
v -0.5194 		11.173 		2
v -0.6056 		11.1801 		2
v -0.8009 		11.186 		2
v -1.1853 		11.1976 		2
v -1.0806 		11.3123 		2
v -0.9914 		11.423 		2
v -0.9176 		11.5347 		2
v -0.8718 		11.6175 		2
v -0.8324 		11.7043 		2
v -0.799 		11.7966 		2
v 0.2422 		13.5658 		2
v 0.3997 		13.7466 		2
v 0.5465 		13.9267 		2
v 0.6826 		14.1079 		2
v 0.7226 		14.1495 		2
v 0.7606 		14.1971 		2
v 0.7986 		14.2531 		2
v 1.2197 		14.7293 		2
v 1.6095 		15.2045 		2
v 1.9548 		15.6834 		2
v 1.9561 		15.6834 		2
v 1.9575 		15.6834 		2
v 1.9588 		15.6834 		2
v 2.1975 		16.0633 		2
v 2.3822 		16.4346 		2
v 2.5165 		16.8049 		2
v 2.5402 		16.8049 		2
v 2.5639 		16.8049 		2
v 2.5876 		16.8049 		2
v 2.5932 		16.898 		2
v 2.5987 		16.9899 		2
v 2.6042 		17.0812 		2
v 2.6057 		17.1249 		2
v 2.6073 		17.1683 		2
v 2.6088 		17.2114 		2
v 2.6355 		17.415 		2
v 2.651 		17.6238 		2
v 2.6558 		17.8391 		2
v 2.6394 		17.9008 		2
v 2.6223 		17.9565 		2
v 2.6035 		18.0069 		2
v 2.5987 		18.0422 		2
v 2.5934 		18.0776 		2
v 2.5876 		18.1132 		2
v 2.3371 		18.3452 		2
v 2.0332 		18.516 		2
v 1.6444 		18.6739 		2
v 1.0563 		18.6988 		2
v 0.488 		18.6678 		2
v -0.0848 		18.5805 		2
v -0.0848 		18.5175 		2
v -0.0848 		18.4553 		2
v -0.0848 		18.3936 		2
v -0.2954 		18.3936 		2
v -0.3992 		18.3936 		2
v -0.4461 		18.3631 		2
v -0.4921 		18.3332 		2
v -0.5371 		18.304 		2
v -0.5435 		18.3027 		2
v -0.55 		18.3014 		2
v -0.5564 		18.3001 		2
v -0.5644 		18.292 		2
v -0.572 		18.284 		2
v -0.5795 		18.2763 		2
v -1.5066 		17.6036 		2
v -2.121 		16.8105 		2
v -2.8035 		15.3663 		2
v -2.8289 		15.3145 		2
v -2.8542 		15.2627 		2
v -2.8795 		15.2108 		2
v -2.9178 		15.1319 		2
v -2.9555 		15.054 		2
v -2.9931 		14.9766 		2
v -3.1129 		14.7283 		2
v -3.2159 		14.4868 		2
v -3.2987 		14.2481 		2
v -3.3354 		14.1727 		2
v -3.3621 		14.1022 		2
v -3.3799 		14.0289 		2
v -3.5603 		13.5901 		2
v -3.7243 		13.1494 		2
v -3.8675 		12.7045 		2
v -3.9186 		12.5369 		2
v -4.0376 		12.212 		2
v -4.1356 		12.1455 		2
v -4.1887 		12.0687 		2
v -4.2396 		11.9244 		2
v -4.2609 		11.8444 		2
v -4.305 		11.6858 		2
v -4.3975 		11.4898 		2
v -4.4831 		11.2924 		2
v -4.9074 		10.4291 		2
v -4.9581 		10.3565 		2
v -4.9578 		10.3565 		2
v -5.2213 		10.1696 		2
v -5.3258 		10.1696 		2
v -5.4297 		10.1696 		2
v -5.4417 		10.1589 		2
v -5.4531 		10.1487 		2
v -5.4639 		10.1391 		2
v -5.5406 		10.1094 		2
v -5.6352 		10.0649 		2
v -5.6087 		10.8238 		2
v -5.6014 		10.8238 		2
v -5.5942 		10.8238 		2
v -5.5869 		10.8238 		2
v -5.3534 		11.02 		2
v -5.1925 		11.2148 		2
v -5.0947 		11.4162 		2
v -5.0689 		11.4899 		2
v -5.0544 		11.5649 		2
v -5.05 		11.6427 		2
v -5.0466 		11.7121 		2
v -5.047 		11.7838 		2
v -5.0508 		11.858 		2
v -5.0649 		11.8946 		2
v -5.0805 		11.9297 		2
v -5.0975 		11.9632 		2
v -5.1032 		11.9878 		2
v -5.1091 		12.0129 		2
v -5.1153 		12.0387 		2
v -5.1538 		12.0712 		2
v -5.1892 		12.1012 		2
v -5.2221 		12.1287 		2
v -5.2735 		12.1756 		2
v -5.3301 		12.2196 		2
v -5.3917 		12.2612 		2
v -5.5129 		12.3343 		2
v -5.6694 		12.408 		2
v -5.9013 		12.5059 		2
v -5.9675 		12.5164 		2
v -6.0327 		12.5263 		2
v -6.097 		12.5355 		2
v -6.1518 		12.5439 		2
v -6.2112 		12.5514 		2
v -6.2761 		12.5581 		2
v -6.4691 		12.5768 		2
v -6.6557 		12.5882 		2
v -6.8364 		12.5918 		2
v -6.8893 		12.5942 		2
v -6.9444 		12.5968 		2
v -7.0017 		12.5994 		2
v -7.0017 		12.5954 		2
v -7.0017 		12.5876 		2
v -7.1341 		12.5783 		2
v -7.2637 		12.5636 		2
v -7.3909 		12.5432 		2
v -7.5707 		12.5095 		2
v -7.7549 		12.4661 		2
v -7.9449 		12.4125 		2
v -8.0179 		12.3637 		2
v -8.0861 		12.3162 		2
v -8.1496 		12.2696 		2
v -8.206 		12.2372 		2
v -8.2622 		12.2031 		2
v -8.3183 		12.1672 		2
v -8.3758 		12.0931 		2
v -8.4255 		12.0223 		2
v -8.4679 		11.9544 		2
v -8.5207 		11.862 		2
v -8.5588 		11.7643 		2
v -8.5829 		11.6594 		2
v -8.6007 		11.491 		2
v -8.5947 		11.3094 		2
v -8.5737 		11.1041 		2
v -9.1596 		10.7146 		2
v -9.2601 		10.6825 		2
v -9.3594 		10.6508 		2
v -9.458 		10.6193 		2
v -9.6368 		10.5622 		2
v -9.8133 		10.5059 		2
v -9.9886 		10.4499 		2
v -10.0366 		10.5984 		2
v -10.0864 		10.7367 		2
v -10.1414 		10.8661 		2
v -10.1898 		10.9763 		2
v -10.2433 		11.0867 		2
v -10.303 		11.1976 		2
v -10.3196 		11.2109 		2
v -10.3362 		11.2239 		2
v -10.3528 		11.2367 		2
v -10.382 		11.278 		2
v -10.4173 		11.3264 		2
v -10.4602 		11.3845 		2
v -10.563 		11.4227 		2
v -10.645 		11.4527 		2
v -10.7121 		11.4763 		2
v -10.8244 		11.5396 		2
v -10.9497 		11.6023 		2
v -11.089 		11.6649 		2
v -11.6426 		11.7456 		2
v -12.1752 		11.7508 		2
v -12.7199 		11.6532 		2
v -12.8617 		11.5475 		2
v -12.9793 		11.442 		2
v -13.0779 		11.334 		2
v -13.1488 		11.2884 		2
v -13.2194 		11.2429 		2
v -13.2898 		11.1976 		2
v -13.3433 		11.3796 		2
v -13.4367 		11.5233 		2
v -13.5834 		11.6561 		2
v -13.6374 		11.7102 		2
v -13.6967 		11.7638 		2
v -13.7614 		11.8167 		2
v -13.9333 		11.8596 		2
v -14.1018 		11.894 		2
v -14.268 		11.9206 		2
v -14.7022 		11.9776 		2
v -15.153 		11.9828 		2
v -15.6478 		11.9452 		2
v -15.9267 		11.837 		2
v -16.1131 		11.7315 		2
v -16.2743 		11.5728 		2
v -16.2751 		11.5723 		2
v -16.2759 		11.5719 		2
v -16.2766 		11.5714 		2
v -16.3644 		11.464 		2
v -16.4355 		11.3717 		2
v -16.4887 		11.2892 		2
v -16.515 		11.2527 		2
v -16.5425 		11.2144 		2
v -21.5703 		10.263 		2
v -22.0419 		9.8892 		2
v -24.761 		11.6778 		2
v -23.6832 		13.4405 		2
v -23.6772 		13.4405 		2
v -23.0401 		14.0992 		2
v -22.225 		15.2579 		2
v -22.0984 		15.421 		2
v -21.6641 		16.1507 		2
v -21.6499 		16.1507 		2
v -18.9552 		18.1822 		2
v -15.0012 		18.9031 		2
v -16.8368 		20.6703 		2
v -23.3988 		19.4442 		2
v -28.9071 		18.4801 		2
v -30.2154 		18.2093 		2
v -33.9138 		17.4364 		2
v -37.6048 		16.1507 		2
v -31.4314 		15.875 		2
v -30.4179 		12.8961 		2
v -31.0172 		11.3216 		2
v -31.1156 		11.0772 		2
v -32.8554 		6.4992 		2
v -33.885 		4.1885 		2
v -30.9689 		2.8656 		2
v -30.1149 		5.2518 		2
v -29.9754 		5.2458 		2
v -21.9812 		7.1925 		2
v -20.5498 		7.5005 		2
v -16.9054 		6.275 		2
v -13.7614 		6.5566 		2
v -12.9799 		6.8987 		2
v -0.0848 		6.9344 		2
v 4.692 		7.8931 		2
v 8.8757 		7.4911 		2
v 8.9816 		7.5529 		2
v 7.9399 		9.7016 		2
v 7.7642 		9.6895 		2
v 2.465 		11.0084 		2
v 1.8538 		10.4282 		2
v 1.4541 		10.0538 		2
v 1.3766 		9.9827 		2
v -0.7163 		12.0941 		2
v -0.0256 		13.2582 		2
v -0.1908 		18.3936 		2
v -4.5651 		11.0924 		2
v -4.8709 		10.4814 		2
v -5.7592 		10.0025 		2
v -16.5714 		11.1742 		2
v -25.1642 		10.5498 		2
v -23.044 		14.1038 		2
v -22.817 		14.4296 		2
v -22.162 		15.3395 		2
v -20.8617 		17.838 		2
v -18.3327 		18.3005 		2
v -16.1311 		20.8048 		2
v -20.6783 		19.966 		2
v -24.8003 		19.1961 		2
v -30.0502 		18.241 		2
v -34.3322 		17.3382 		2
v -32.1596 		15.7116 		2
v -31.7932 		15.8005 		2
v -31.0978 		11.1214 		2
v -32.8622 		6.4776 		2
v -33.4167 		5.0453 		2
v -33.7051 		4.2449 		2
v -33.726 		4.1885 		2
v -34.9466 		1.7587 		2
v -30.1065 		5.3081 		2
v -26.6156 		6.1883 		2
v -20.6783 		7.5529 		2
v 1.3029 		7.3858 		2
v 4.7345 		7.9144 		2
v 8.8757 		7.5529 		2
v 11.2128 		11.1047 		2
v 7.9699 		9.7301 		2
v 7.9436 		9.7012 		2
v 7.7442 		10.0842 		2
v 7.9325 		10.4894 		2
v 1.8899 		10.4524 		2
v 1.3999 		9.9827 		2
v -0.9937 		11.1918 		2
v -3.9744 		12.3735 		2
v -4.2827 		11.7649 		2
v -4.6461 		10.8966 		2
v -4.8398 		10.526 		2
v -5.1153 		10.1696 		2
v -7.0017 		12.5915 		2
v -17.8735 		10.5432 		2
v -23.6494 		13.4871 		2
v -23.5209 		13.846 		2
v -18.6441 		18.2415 		2
v -23.4333 		19.4373 		2
v -30.4829 		12.7075 		2
v -31.0799 		11.1659 		2
v -32.9446 		6.2228 		2
v -25.5872 		7.6684 		2
v 2.4127 		10.9365 		2
v 1.4158 		10.004 		2
v -0.6067 		12.378 		2
v -4.9575 		10.3565 		2
v -17.8702 		10.2635 		2
v -22.385 		9.7762 		2
v -16.5713 		18.6281 		2
v -24.1322 		19.3094 		2
v -30.5497 		12.5191 		2
v -30.8626 		3.1223 		2
v -25.5515 		7.7398 		2
v 4.7525 		7.9185 		2
v -4.9572 		10.3566 		2
v -5.7462 		10.5614 		2
v -17.8486 		9.9827 		2
v -22.4899 		9.6987 		2
v -16.8659 		18.5763 		2
v -18.9444 		20.2762 		2
v -26.8259 		18.841 		2
v -21.1401 		7.528 		2
v 4.7704 		7.9226 		2
v 2.3605 		10.8694 		2
v 2.0612 		10.5856 		2
v -0.2653 		12.9558 		2
v -8.7731 		10.9058 		2
v -18.2297 		20.409 		2
v -20.9426 		7.5474 		2
v 7.7493 		10.1978 		2
v 2.2181 		10.7234 		2
v -5.7827 		10.2945 		2
v -16.9274 		10.748 		2
v -20.8746 		11.0511 		2
v -23.4679 		19.4305 		2
v -33.0449 		5.9257 		2
v -0.4714 		12.6514 		2
v -17.3567 		10.3589 		2
v -16.9652 		20.646 		2
v -30.1932 		16.1422 		2
v -32.9941 		6.0742 		2
v -4.7355 		10.7086 		2
v -17.0548 		20.6291 		2
v -29.7317 		16.2305 		2
v -25.427 		7.7398 		2
v -17.1818 		20.6051 		2
v -25.489 		7.7398 		2
v -8.925 		10.8048 		2
v 1.1982 		9.8892 		2
v 1.1066 		9.8892 		2
v -5.0062 		10.2944 		2
v -24.4172 		12.4349 		2
v -5.0589 		10.2321 		2
v -24.5988 		12.0597 		2
# 2294 vertices

g group_0_16345508

usemtl color_16345508
s 0

f 1 	2 	3
f 4 	5 	1
f 6 	7 	4
f 8 	9 	10
f 11 	12 	8
f 13 	14 	15
f 16 	17 	13
f 18 	19 	16
f 20 	21 	18
f 22 	23 	20
f 24 	25 	22
f 26 	27 	24
f 28 	29 	26
f 30 	31 	28
f 32 	33 	30
f 34 	35 	32
f 36 	37 	34
f 38 	39 	36
f 40 	41 	38
f 42 	43 	44
f 45 	46 	42
f 47 	48 	45
f 49 	50 	51
f 52 	53 	49
f 57 	58 	59
f 60 	61 	62
f 63 	64 	60
f 65 	66 	63
f 67 	68 	65
f 69 	70 	67
f 71 	72 	69
f 73 	74 	71
f 75 	76 	73
f 77 	78 	75
f 79 	80 	77
f 81 	82 	79
f 83 	84 	85
f 86 	87 	88
f 89 	90 	91
f 92 	93 	94
f 95 	96 	97
f 98 	99 	100
f 101 	102 	98
f 103 	104 	105
f 107 	108 	109
f 110 	111 	112
f 113 	114 	110
f 115 	116 	117
f 118 	119 	120
f 121 	122 	123
f 124 	125 	126
f 127 	128 	124
f 129 	130 	127
f 131 	132 	133
f 134 	135 	131
f 136 	137 	138
f 139 	140 	136
f 141 	142 	139
f 143 	144 	145
f 146 	147 	143
f 148 	149 	146
f 150 	151 	148
f 152 	153 	154
f 155 	156 	152
f 157 	158 	159
f 160 	161 	162
f 163 	164 	160
f 165 	166 	163
f 167 	168 	165
f 169 	170 	167
f 171 	172 	169
f 173 	174 	171
f 175 	176 	173
f 177 	178 	179
f 180 	181 	182
f 183 	184 	180
f 185 	186 	187
f 188 	189 	185
f 190 	191 	188
f 192 	193 	194
f 195 	196 	197
f 198 	199 	200
f 201 	202 	198
f 203 	204 	205
f 206 	207 	208
f 209 	210 	206
f 211 	212 	213
f 214 	215 	216
f 217 	218 	214
f 219 	220 	221
f 222 	223 	224
f 225 	226 	227
f 228 	229 	230
f 232 	233 	234
f 235 	236 	232
f 237 	238 	235
f 239 	240 	237
f 241 	242 	239
f 243 	244 	241
f 245 	246 	247
f 248 	249 	250
f 251 	252 	248
f 253 	254 	251
f 255 	256 	253
f 257 	258 	255
f 259 	260 	257
f 261 	262 	259
f 263 	264 	261
f 265 	266 	263
f 268 	269 	267
f 270 	271 	268
f 272 	273 	270
f 274 	275 	272
f 276 	277 	274
f 278 	279 	280
f 281 	282 	283
f 284 	285 	281
f 286 	287 	288
f 289 	290 	291
f 292 	293 	294
f 295 	296 	297
f 298 	299 	300
f 301 	302 	303
f 304 	305 	301
f 306 	307 	308
f 309 	310 	306
f 311 	312 	313
f 314 	315 	311
f 316 	317 	318
f 319 	320 	316
f 321 	322 	323
f 324 	325 	321
f 326 	327 	324
f 328 	329 	326
f 330 	331 	328
f 332 	333 	334
f 335 	336 	332
f 337 	335 	335
f 338 	339 	340
f 341 	342 	338
f 343 	344 	341
f 345 	346 	343
f 347 	348 	345
f 349 	350 	347
f 351 	352 	349
f 353 	354 	355
f 356 	357 	358
f 359 	360 	361
f 362 	363 	359
f 364 	365 	362
f 367 	368 	366
f 370 	371 	369
f 372 	373 	370
f 374 	375 	372
f 376 	377 	374
f 378 	379 	380
f 381 	382 	383
f 384 	385 	381
f 386 	387 	384
f 388 	389 	386
f 390 	391 	388
f 392 	393 	394
f 395 	396 	397
f 398 	399 	395
f 400 	401 	398
f 402 	403 	400
f 404 	405 	402
f 406 	407 	404
f 408 	409 	406
f 410 	411 	408
f 412 	413 	410
f 414 	415 	412
f 416 	417 	414
f 418 	419 	416
f 420 	421 	418
f 422 	423 	424
f 425 	426 	422
f 427 	428 	429
f 430 	431 	427
f 432 	433 	430
f 434 	435 	432
f 436 	437 	434
f 438 	439 	436
f 440 	441 	442
f 443 	444 	440
f 445 	446 	447
f 448 	449 	445
f 450 	451 	448
f 452 	453 	454
f 455 	456 	452
f 457 	458 	455
f 459 	460 	461
f 462 	463 	459
f 464 	465 	462
f 466 	467 	464
f 468 	469 	470
f 471 	472 	468
f 473 	474 	471
f 475 	476 	477
f 478 	479 	475
f 480 	481 	478
f 482 	483 	480
f 484 	485 	482
f 486 	487 	484
f 488 	489 	490
f 491 	492 	488
f 495 	496 	493
f 497 	498 	499
f 500 	501 	502
f 503 	504 	500
f 505 	506 	503
f 507 	508 	505
f 509 	510 	511
f 512 	513 	509
f 514 	515 	512
f 516 	517 	514
f 518 	519 	516
f 520 	521 	518
f 522 	523 	520
f 524 	525 	526
f 527 	528 	524
f 529 	530 	527
f 531 	532 	529
f 533 	534 	531
f 535 	536 	533
f 537 	538 	535
f 539 	540 	541
f 542 	543 	539
f 544 	545 	542
f 546 	547 	544
f 548 	549 	550
f 551 	552 	548
f 553 	554 	551
f 555 	556 	553
f 557 	558 	555
f 559 	560 	561
f 562 	563 	559
f 564 	565 	566
f 567 	568 	564
f 569 	570 	567
f 571 	572 	573
f 574 	575 	571
f 576 	577 	574
f 578 	579 	580
f 581 	582 	583
f 584 	585 	581
f 586 	587 	584
f 588 	589 	586
f 590 	591 	588
f 592 	593 	590
f 594 	595 	592
f 596 	597 	594
f 598 	599 	596
f 600 	601 	598
f 602 	603 	600
f 604 	605 	606
f 607 	608 	608
f 609 	610 	607
f 611 	612 	609
f 613 	614 	611
f 615 	616 	613
f 617 	618 	615
f 619 	620 	617
f 621 	622 	619
f 623 	624 	621
f 625 	626 	623
f 627 	628 	625
f 629 	630 	627
f 631 	632 	633
f 634 	635 	631
f 636 	637 	638
f 639 	640 	636
f 641 	642 	639
f 643 	644 	641
f 645 	646 	643
f 647 	648 	645
f 649 	650 	647
f 651 	652 	649
f 653 	654 	651
f 655 	656 	657
f 658 	659 	660
f 661 	662 	658
f 663 	664 	661
f 665 	666 	663
f 667 	668 	669
f 670 	671 	667
f 672 	673 	670
f 674 	675 	676
f 677 	678 	674
f 679 	680 	677
f 681 	682 	683
f 684 	685 	686
f 687 	688 	689
f 690 	691 	687
f 692 	693 	694
f 695 	696 	697
f 698 	699 	695
f 700 	701 	698
f 702 	703 	700
f 705 	704 	704
f 706 	707 	705
f 708 	709 	706
f 710 	711 	708
f 712 	713 	710
f 714 	715 	712
f 716 	717 	718
f 719 	720 	716
f 721 	722 	719
f 723 	724 	721
f 725 	726 	723
f 727 	728 	725
f 729 	730 	727
f 731 	732 	729
f 733 	734 	731
f 735 	736 	737
f 738 	739 	735
f 740 	741 	742
f 743 	744 	745
f 746 	747 	748
f 749 	750 	751
f 752 	753 	749
f 754 	755 	756
f 757 	758 	759
f 760 	761 	757
f 762 	763 	760
f 764 	765 	762
f 766 	767 	764
f 768 	769 	766
f 770 	771 	768
f 772 	773 	770
f 774 	775 	772
f 776 	777 	774
f 778 	779 	776
f 780 	781 	782
f 783 	784 	780
f 785 	786 	783
f 787 	788 	789
f 790 	791 	792
f 793 	794 	795
f 796 	797 	798
f 799 	800 	796
f 801 	802 	799
f 803 	804 	801
f 805 	806 	803
f 807 	808 	805
f 809 	810 	807
f 811 	812 	813
f 814 	815 	811
f 816 	817 	814
f 818 	819 	816
f 820 	821 	818
f 822 	823 	820
f 824 	825 	822
f 826 	827 	824
f 828 	829 	826
f 830 	831 	832
f 833 	834 	830
f 835 	836 	837
f 838 	839 	840
f 841 	842 	838
f 843 	844 	845
f 846 	847 	843
f 848 	849 	850
f 851 	852 	848
f 853 	854 	851
f 855 	856 	857
f 858 	859 	855
f 860 	861 	862
f 863 	864 	860
f 865 	866 	867
f 868 	869 	870
f 871 	872 	873
f 874 	875 	871
f 876 	877 	878
f 879 	880 	881
f 882 	883 	879
f 884 	885 	882
f 886 	887 	884
f 888 	889 	886
f 890 	891 	888
f 892 	893 	890
f 894 	895 	896
f 897 	898 	894
f 899 	900 	897
f 901 	902 	899
f 903 	904 	901
f 905 	906 	903
f 907 	908 	905
f 909 	910 	911
f 912 	913 	909
f 914 	915 	912
f 916 	917 	914
f 918 	919 	916
f 920 	921 	922
f 923 	924 	920
f 925 	926 	923
f 927 	928 	925
f 929 	930 	931
f 932 	933 	929
f 934 	935 	932
f 936 	937 	934
f 938 	939 	936
f 940 	941 	938
f 942 	943 	944
f 945 	946 	947
f 948 	949 	949
f 950 	951 	948
f 952 	953 	950
f 954 	955 	952
f 956 	957 	954
f 958 	959 	956
f 960 	961 	958
f 962 	963 	960
f 964 	965 	962
f 966 	967 	964
f 968 	969 	966
f 970 	971 	968
f 972 	973 	974
f 975 	976 	977
f 978 	979 	980
f 981 	982 	978
f 983 	984 	981
f 985 	986 	983
f 987 	988 	985
f 989 	990 	987
f 991 	992 	993
f 994 	995 	991
f 996 	997 	998
f 4 	1 	3
f 11 	8 	10
f 16 	13 	15
f 20 	18 	16
f 24 	22 	20
f 28 	26 	24
f 34 	32 	30
f 40 	38 	36
f 45 	42 	44
f 49 	51 	999
f 54 	55 	1000
f 62 	57 	59
f 63 	60 	62
f 69 	67 	65
f 73 	71 	69
f 77 	75 	73
f 81 	79 	77
f 1001 	83 	85
f 91 	86 	88
f 1002 	89 	91
f 92 	94 	1003
f 100 	95 	97
f 101 	98 	100
f 106 	103 	105
f 1004 	107 	109
f 113 	110 	112
f 1005 	115 	117
f 118 	120 	1006
f 1007 	121 	123
f 124 	126 	1008
f 129 	127 	124
f 134 	131 	133
f 139 	136 	138
f 1009 	141 	139
f 146 	143 	145
f 150 	148 	146
f 155 	152 	154
f 157 	159 	1010
f 163 	160 	162
f 167 	165 	163
f 171 	169 	167
f 175 	173 	171
f 1011 	177 	179
f 183 	180 	182
f 188 	185 	187
f 1012 	190 	188
f 197 	192 	194
f 200 	195 	197
f 201 	198 	200
f 208 	203 	205
f 209 	206 	208
f 211 	213 	1013
f 214 	216 	1014
f 1015 	217 	214
f 224 	219 	221
f 227 	222 	224
f 230 	225 	227
f 231 	228 	230
f 235 	232 	234
f 239 	237 	235
f 243 	241 	239
f 248 	250 	1016
f 253 	251 	248
f 257 	255 	253
f 261 	259 	257
f 265 	263 	261
f 270 	268 	267
f 276 	274 	272
f 1017 	278 	280
f 281 	283 	1017
f 291 	286 	288
f 1018 	289 	291
f 1019 	292 	294
f 300 	295 	297
f 304 	301 	303
f 306 	308 	1020
f 1021 	309 	306
f 314 	311 	313
f 319 	316 	318
f 324 	321 	323
f 330 	328 	326
f 332 	334 	1022
f 340 	337 	335
f 341 	338 	340
f 345 	343 	341
f 351 	349 	347
f 358 	353 	355
f 361 	356 	358
f 362 	359 	361
f 366 	364 	362
f 367 	366 	366
f 370 	369 	367
f 374 	372 	370
f 1023 	376 	374
f 383 	378 	380
f 384 	381 	383
f 388 	386 	384
f 1024 	390 	388
f 395 	397 	1025
f 400 	398 	395
f 404 	402 	400
f 408 	406 	404
f 414 	412 	410
f 418 	416 	414
f 425 	422 	424
f 430 	427 	429
f 436 	434 	432
f 440 	442 	1026
f 445 	447 	1027
f 450 	448 	445
f 455 	452 	454
f 459 	461 	1028
f 464 	462 	459
f 1029 	466 	464
f 471 	468 	470
f 475 	477 	1030
f 480 	478 	475
f 484 	482 	480
f 490 	486 	484
f 491 	488 	490
f 503 	500 	502
f 507 	505 	503
f 512 	509 	511
f 516 	514 	512
f 520 	518 	516
f 526 	522 	520
f 527 	524 	526
f 531 	529 	527
f 535 	533 	531
f 541 	537 	535
f 542 	539 	541
f 550 	546 	544
f 551 	548 	550
f 555 	553 	551
f 1031 	557 	555
f 562 	559 	561
f 567 	564 	566
f 574 	571 	573
f 1032 	576 	574
f 584 	581 	583
f 588 	586 	584
f 592 	590 	588
f 596 	594 	592
f 600 	598 	596
f 1033 	602 	600
f 604 	606 	1034
f 609 	607 	608
f 613 	611 	609
f 619 	617 	615
f 623 	621 	619
f 627 	625 	623
f 633 	629 	627
f 634 	631 	633
f 639 	636 	638
f 643 	641 	639
f 647 	645 	643
f 651 	649 	647
f 660 	655 	657
f 663 	661 	658
f 672 	670 	667
f 674 	676 	1035
f 1036 	679 	677
f 681 	683 	1036
f 689 	684 	686
f 690 	687 	689
f 697 	692 	694
f 698 	695 	697
f 702 	700 	698
f 706 	705 	704
f 710 	708 	706
f 714 	712 	710
f 719 	716 	718
f 723 	721 	719
f 727 	725 	723
f 731 	729 	727
f 1037 	733 	731
f 735 	737 	1038
f 745 	740 	742
f 746 	748 	1039
f 749 	751 	1040
f 759 	754 	756
f 760 	757 	759
f 766 	764 	762
f 770 	768 	766
f 774 	772 	770
f 778 	776 	774
f 783 	780 	782
f 1041 	785 	783
f 787 	789 	1042
f 795 	790 	792
f 798 	793 	795
f 799 	796 	798
f 805 	803 	801
f 809 	807 	805
f 814 	811 	813
f 820 	818 	816
f 824 	822 	820
f 828 	826 	824
f 830 	832 	1043
f 840 	835 	837
f 845 	841 	838
f 846 	843 	845
f 848 	850 	846
f 857 	853 	851
f 858 	855 	857
f 863 	860 	862
f 1044 	865 	867
f 868 	870 	1045
f 874 	871 	873
f 1046 	876 	878
f 882 	879 	881
f 886 	884 	882
f 890 	888 	886
f 896 	892 	890
f 897 	894 	896
f 903 	901 	899
f 907 	905 	903
f 909 	911 	907
f 914 	912 	909
f 918 	916 	914
f 923 	920 	922
f 927 	925 	923
f 932 	929 	931
f 936 	934 	932
f 940 	938 	936
f 947 	942 	944
f 950 	948 	949
f 954 	952 	950
f 960 	958 	956
f 966 	964 	962
f 970 	968 	966
f 980 	975 	977
f 981 	978 	980
f 985 	983 	981
f 989 	987 	985
f 994 	991 	993
f 1047 	996 	998
f 6 	4 	3
f 11 	10 	6
f 20 	16 	15
f 28 	24 	20
f 36 	34 	30
f 47 	45 	44
f 49 	999 	47
f 54 	1000 	52
f 63 	62 	59
f 69 	65 	63
f 77 	73 	69
f 1048 	81 	77
f 1002 	91 	88
f 92 	1003 	1002
f 101 	100 	97
f 109 	106 	105
f 1049 	1004 	109
f 1050 	113 	112
f 1005 	117 	1050
f 118 	1006 	1051
f 124 	1008 	1007
f 133 	129 	124
f 1052 	134 	133
f 1009 	139 	138
f 146 	145 	1053
f 1010 	155 	154
f 162 	157 	1010
f 167 	163 	162
f 1054 	175 	171
f 1055 	183 	182
f 1012 	188 	187
f 197 	194 	1056
f 201 	200 	197
f 1013 	209 	208
f 1057 	211 	1013
f 214 	1014 	1057
f 1058 	1015 	214
f 227 	224 	221
f 235 	234 	231
f 243 	239 	235
f 248 	1016 	245
f 257 	253 	248
f 265 	261 	257
f 272 	270 	267
f 1059 	276 	272
f 1017 	280 	1060
f 284 	281 	1017
f 1018 	291 	288
f 300 	297 	1019
f 304 	303 	298
f 306 	1020 	1061
f 1062 	1021 	306
f 314 	313 	1062
f 1063 	319 	318
f 326 	324 	323
f 1064 	330 	326
f 332 	1022 	1065
f 341 	340 	335
f 347 	345 	341
f 1066 	351 	347
f 361 	358 	355
f 366 	362 	361
f 370 	367 	366
f 1023 	374 	370
f 388 	384 	383
f 394 	1024 	388
f 395 	1025 	1067
f 404 	400 	395
f 410 	408 	404
f 418 	414 	410
f 425 	424 	1068
f 432 	430 	429
f 438 	436 	432
f 440 	1026 	438
f 445 	1027 	1069
f 454 	450 	445
f 457 	455 	454
f 459 	1028 	457
f 1029 	464 	459
f 473 	471 	470
f 475 	1030 	473
f 484 	480 	475
f 494 	491 	490
f 507 	503 	502
f 516 	512 	511
f 526 	520 	516
f 531 	527 	526
f 541 	535 	531
f 544 	542 	541
f 555 	551 	550
f 561 	1031 	555
f 1070 	562 	561
f 569 	567 	566
f 574 	573 	569
f 1071 	1032 	574
f 588 	584 	583
f 596 	592 	588
f 1033 	600 	596
f 604 	1034 	1072
f 613 	609 	608
f 619 	615 	613
f 627 	623 	619
f 1073 	634 	633
f 643 	639 	638
f 651 	647 	643
f 660 	657 	653
f 665 	663 	658
f 1074 	672 	667
f 674 	1035 	1075
f 1076 	681 	1036
f 1077 	690 	689
f 702 	698 	697
f 706 	704 	702
f 714 	710 	706
f 719 	718 	714
f 727 	723 	719
f 1037 	731 	727
f 735 	1038 	1078
f 745 	742 	738
f 746 	1039 	743
f 749 	1040 	1079
f 760 	759 	756
f 766 	762 	760
f 774 	770 	766
f 1080 	778 	774
f 1041 	783 	782
f 792 	787 	1042
f 799 	798 	795
f 809 	805 	801
f 816 	814 	813
f 824 	820 	816
f 830 	1043 	828
f 840 	837 	833
f 845 	838 	840
f 848 	846 	845
f 857 	851 	848
f 1081 	858 	857
f 1082 	863 	862
f 1083 	1044 	867
f 868 	1045 	1084
f 874 	873 	1085
f 886 	882 	881
f 896 	890 	886
f 899 	897 	896
f 907 	903 	899
f 914 	909 	907
f 1086 	918 	914
f 927 	923 	922
f 932 	931 	927
f 940 	936 	932
f 945 	947 	944
f 954 	950 	949
f 962 	960 	956
f 970 	966 	962
f 981 	980 	977
f 989 	985 	981
f 994 	993 	989
f 6 	3 	1087
f 15 	11 	6
f 28 	20 	15
f 36 	30 	28
f 52 	49 	47
f 56 	54 	52
f 69 	63 	59
f 1048 	77 	69
f 1088 	92 	1002
f 1089 	101 	97
f 1049 	109 	105
f 1005 	1050 	112
f 118 	1051 	1005
f 133 	124 	1007
f 138 	1052 	133
f 1090 	1009 	138
f 146 	1053 	1090
f 162 	1010 	154
f 171 	167 	162
f 179 	1054 	171
f 187 	1055 	182
f 1091 	1012 	187
f 201 	197 	1056
f 1057 	1013 	208
f 1058 	214 	1057
f 230 	227 	221
f 235 	231 	230
f 247 	243 	235
f 257 	248 	245
f 267 	265 	257
f 1059 	272 	267
f 284 	1017 	1060
f 1092 	1018 	288
f 298 	300 	1019
f 1093 	304 	298
f 306 	1061 	1093
f 1094 	314 	1062
f 323 	1063 	318
f 1064 	326 	323
f 335 	332 	1065
f 347 	341 	335
f 355 	1066 	347
f 366 	361 	355
f 1023 	370 	366
f 388 	383 	380
f 395 	1067 	392
f 410 	404 	395
f 420 	418 	410
f 1095 	425 	1068
f 438 	432 	429
f 443 	440 	438
f 454 	445 	1069
f 459 	457 	454
f 470 	1029 	459
f 475 	473 	470
f 490 	484 	475
f 493 	494 	490
f 511 	507 	502
f 526 	516 	511
f 541 	531 	526
f 555 	550 	544
f 1070 	561 	555
f 1071 	574 	569
f 596 	588 	583
f 1072 	1033 	596
f 608 	604 	1072
f 619 	613 	608
f 633 	627 	619
f 638 	1073 	633
f 651 	643 	638
f 660 	653 	651
f 669 	665 	658
f 1075 	1074 	667
f 677 	674 	1075
f 694 	1077 	689
f 702 	697 	694
f 714 	706 	702
f 727 	719 	714
f 1096 	1037 	727
f 738 	735 	1078
f 743 	745 	738
f 1097 	746 	743
f 752 	749 	1079
f 766 	760 	756
f 1080 	774 	766
f 1098 	1041 	782
f 795 	792 	1042
f 801 	799 	795
f 813 	809 	801
f 824 	816 	813
f 833 	830 	828
f 845 	840 	833
f 857 	848 	845
f 867 	1082 	862
f 1099 	868 	1084
f 878 	874 	1085
f 896 	886 	881
f 907 	899 	896
f 1086 	914 	907
f 932 	927 	922
f 956 	954 	949
f 970 	962 	956
f 989 	981 	977
f 998 	994 	989
f 6 	1087 	1100
f 28 	15 	6
f 40 	36 	28
f 1101 	56 	52
f 1048 	69 	59
f 1088 	1002 	88
f 105 	1089 	97
f 112 	1049 	105
f 123 	118 	1005
f 133 	1007 	123
f 1090 	138 	133
f 150 	146 	1090
f 162 	154 	1102
f 179 	171 	162
f 1091 	187 	182
f 201 	1056 	1103
f 1057 	208 	205
f 221 	1058 	1057
f 235 	230 	221
f 245 	247 	235
f 267 	257 	245
f 1059 	267 	267
f 1104 	1092 	288
f 1093 	298 	1019
f 1062 	306 	1093
f 1064 	323 	318
f 347 	335 	1065
f 366 	355 	347
f 1105 	1023 	366
f 388 	380 	1105
f 395 	392 	394
f 420 	410 	395
f 1106 	1095 	1068
f 443 	438 	429
f 470 	459 	454
f 490 	475 	470
f 541 	526 	511
f 1070 	555 	544
f 1107 	1071 	569
f 1072 	596 	583
f 619 	608 	1072
f 638 	633 	619
f 660 	651 	638
f 677 	1075 	667
f 694 	689 	686
f 714 	702 	694
f 1096 	727 	714
f 743 	738 	1078
f 1079 	1097 	743
f 1080 	766 	756
f 801 	795 	1042
f 824 	813 	801
f 845 	833 	828
f 1081 	857 	845
f 1083 	867 	862
f 1108 	1099 	1084
f 1046 	878 	1085
f 896 	881 	1109
f 1086 	907 	896
f 940 	932 	922
f 970 	956 	949
f 998 	989 	977
f 6 	1100 	1110
f 40 	28 	6
f 1111 	1101 	52
f 85 	1048 	59
f 97 	1088 	88
f 1005 	112 	105
f 133 	123 	1005
f 150 	1090 	133
f 162 	1102 	1112
f 1011 	179 	162
f 1091 	182 	1113
f 1114 	201 	1103
f 221 	1057 	205
f 245 	235 	221
f 1060 	1059 	267
f 1062 	1093 	1019
f 1065 	1064 	318
f 366 	347 	1065
f 388 	1105 	366
f 420 	395 	394
f 1115 	443 	429
f 490 	470 	454
f 541 	511 	502
f 566 	1070 	544
f 1116 	1107 	569
f 619 	1072 	583
f 660 	638 	619
f 677 	667 	669
f 714 	694 	686
f 1117 	1096 	714
f 743 	1078 	1118
f 782 	1080 	756
f 801 	1042 	1119
f 828 	824 	801
f 1081 	845 	828
f 1086 	896 	1109
f 1120 	940 	922
f 974 	970 	949
f 1047 	998 	977
f 40 	6 	1110
f 59 	1111 	52
f 105 	97 	88
f 133 	1005 	105
f 1112 	150 	133
f 1011 	162 	1112
f 1091 	1113 	1121
f 205 	1114 	1103
f 245 	221 	205
f 1060 	267 	245
f 1062 	1019 	294
f 366 	1065 	318
f 394 	388 	366
f 1068 	420 	394
f 1122 	1115 	429
f 490 	454 	1069
f 544 	541 	502
f 569 	566 	544
f 580 	1116 	569
f 619 	583 	578
f 658 	660 	619
f 714 	686 	1123
f 1124 	1117 	714
f 1079 	743 	1118
f 828 	801 	1119
f 862 	1081 	828
f 1086 	1109 	1125
f 972 	974 	949
f 1126 	1047 	977
f 1127 	40 	1110
f 133 	105 	88
f 1011 	1112 	133
f 1128 	1091 	1121
f 245 	205 	1103
f 284 	1060 	245
f 1094 	1062 	294
f 366 	318 	1129
f 1106 	1068 	394
f 1069 	1122 	429
f 493 	490 	1069
f 569 	544 	502
f 619 	578 	580
f 669 	658 	619
f 714 	1123 	1076
f 1118 	1124 	714
f 828 	1119 	1130
f 1083 	862 	828
f 1086 	1125 	1046
f 977 	972 	949
f 1131 	1126 	977
f 44 	1127 	1110
f 1132 	1011 	133
f 245 	1103 	1128
f 1133 	284 	245
f 1134 	1094 	294
f 366 	1129 	1134
f 493 	1069 	429
f 580 	569 	502
f 677 	669 	619
f 714 	1076 	1036
f 1079 	1118 	714
f 828 	1130 	1098
f 1135 	1083 	828
f 922 	1086 	1046
f 1131 	977 	949
f 47 	44 	1110
f 1136 	1132 	133
f 245 	1128 	1121
f 1137 	1133 	245
f 366 	1134 	294
f 493 	429 	1138
f 677 	619 	580
f 714 	1036 	677
f 752 	1079 	714
f 828 	1098 	782
f 1084 	1135 	828
f 1120 	922 	1046
f 1110 	1131 	949
f 52 	47 	1110
f 1139 	1136 	133
f 245 	1121 	1139
f 288 	1137 	245
f 366 	294 	1104
f 493 	1138 	1140
f 677 	580 	502
f 752 	714 	677
f 1084 	828 	782
f 1141 	1120 	1046
f 59 	52 	1110
f 245 	1139 	133
f 366 	1104 	288
f 493 	1140 	1106
f 677 	502 	497
f 1142 	752 	677
f 1084 	782 	756
f 944 	1141 	1046
f 59 	1110 	949
f 288 	245 	133
f 394 	366 	288
f 677 	497 	499
f 1143 	1142 	677
f 1108 	1084 	756
f 945 	944 	1046
f 288 	133 	88
f 1106 	394 	288
f 677 	499 	495
f 756 	1143 	677
f 1144 	1108 	756
f 949 	945 	1046
f 288 	88 	1145
f 677 	495 	493
f 1146 	1144 	756
f 59 	949 	1046
f 288 	1145 	1147
f 756 	677 	493
f 1085 	1146 	756
f 288 	1147 	1001
f 756 	493 	1106
f 1046 	1085 	756
f 288 	1001 	85
f 1046 	756 	1106
f 1106 	288 	85
f 59 	1046 	1106
f 1106 	85 	59
f 1148 	1149 	1150
f 1150 	1151 	1152
f 1152 	1153 	1154
f 1155 	1156 	1157
f 1157 	1158 	1159
f 1160 	1161 	1162
f 1162 	1163 	1164
f 1164 	1165 	1166
f 1166 	1167 	1168
f 1168 	1169 	1170
f 1170 	1171 	1172
f 1172 	1173 	1174
f 1174 	1175 	1176
f 1176 	1177 	1178
f 1178 	1179 	1180
f 1180 	1181 	1182
f 1182 	1183 	1184
f 1184 	1185 	1186
f 1186 	1187 	1188
f 1189 	1190 	1191
f 1191 	1192 	1193
f 1193 	1194 	1195
f 1196 	1197 	1198
f 1198 	1199 	1200
f 1201 	1202 	1202
f 1202 	1203 	1203
f 1204 	1205 	1206
f 1207 	1208 	1209
f 1209 	1210 	1211
f 1211 	1212 	1213
f 1213 	1214 	1215
f 1215 	1216 	1217
f 1217 	1218 	1219
f 1219 	1220 	1221
f 1221 	1222 	1223
f 1223 	1224 	1225
f 1225 	1226 	1227
f 1227 	1228 	1229
f 1230 	1231 	1232
f 1233 	1234 	1235
f 1236 	1237 	1238
f 1239 	1240 	1241
f 1242 	1243 	1244
f 1245 	1246 	1247
f 1247 	1248 	1249
f 1250 	1251 	1252
f 1252 	1253 	1253
f 1254 	1255 	1256
f 1257 	1258 	1259
f 1259 	1260 	1261
f 1262 	1263 	1264
f 1265 	1266 	1267
f 1268 	1269 	1270
f 1271 	1272 	1273
f 1273 	1274 	1275
f 1275 	1276 	1277
f 1278 	1279 	1280
f 1280 	1281 	1282
f 1283 	1284 	1285
f 1285 	1286 	1287
f 1287 	1288 	1289
f 1290 	1291 	1292
f 1292 	1293 	1294
f 1294 	1295 	1296
f 1296 	1297 	1298
f 1299 	1300 	1301
f 1301 	1302 	1303
f 1304 	1305 	1306
f 1307 	1308 	1309
f 1309 	1310 	1311
f 1311 	1312 	1313
f 1313 	1314 	1315
f 1315 	1316 	1317
f 1317 	1318 	1319
f 1319 	1320 	1321
f 1321 	1322 	1323
f 1324 	1325 	1326
f 1327 	1328 	1329
f 1329 	1330 	1331
f 1332 	1333 	1334
f 1334 	1335 	1336
f 1336 	1337 	1338
f 1339 	1340 	1341
f 1342 	1343 	1344
f 1345 	1346 	1347
f 1347 	1348 	1349
f 1350 	1351 	1352
f 1353 	1354 	1355
f 1355 	1356 	1357
f 1358 	1359 	1360
f 1361 	1362 	1363
f 1363 	1364 	1365
f 1366 	1367 	1368
f 1369 	1370 	1371
f 1372 	1373 	1374
f 1375 	1376 	1377
f 1377 	1378 	1378
f 1379 	1380 	1381
f 1381 	1382 	1383
f 1383 	1384 	1385
f 1385 	1386 	1387
f 1387 	1388 	1389
f 1389 	1390 	1391
f 1392 	1393 	1394
f 1395 	1396 	1397
f 1397 	1398 	1399
f 1399 	1400 	1401
f 1401 	1402 	1403
f 1403 	1404 	1405
f 1405 	1406 	1407
f 1407 	1408 	1409
f 1409 	1410 	1411
f 1411 	1412 	1413
f 1414 	1415 	1416
f 1416 	1417 	1418
f 1418 	1419 	1420
f 1420 	1421 	1422
f 1422 	1423 	1424
f 1425 	1426 	1427
f 1428 	1429 	1430
f 1430 	1431 	1432
f 1433 	1434 	1435
f 1436 	1437 	1438
f 1439 	1440 	1441
f 1442 	1443 	1444
f 1445 	1446 	1447
f 1448 	1449 	1450
f 1450 	1451 	1452
f 1453 	1454 	1455
f 1455 	1456 	1457
f 1458 	1459 	1460
f 1460 	1461 	1462
f 1463 	1464 	1465
f 1465 	1466 	1467
f 1468 	1469 	1470
f 1470 	1471 	1472
f 1472 	1473 	1474
f 1474 	1475 	1476
f 1476 	1477 	1478
f 1479 	1480 	1481
f 1481 	1482 	1483
f 1485 	1486 	1487
f 1487 	1488 	1489
f 1489 	1490 	1491
f 1491 	1492 	1493
f 1493 	1494 	1495
f 1495 	1496 	1497
f 1497 	1498 	1499
f 1500 	1501 	1502
f 1503 	1504 	1505
f 1506 	1507 	1508
f 1508 	1509 	1510
f 1510 	1511 	1512
f 1513 	1514 	1515
f 1515 	1516 	1516
f 1516 	1517 	1518
f 1518 	1519 	1520
f 1520 	1521 	1522
f 1522 	1523 	1524
f 1525 	1526 	1527
f 1528 	1529 	1530
f 1530 	1531 	1532
f 1532 	1533 	1534
f 1534 	1535 	1536
f 1536 	1537 	1538
f 1539 	1540 	1541
f 1542 	1543 	1544
f 1544 	1545 	1546
f 1546 	1547 	1548
f 1548 	1549 	1550
f 1550 	1551 	1552
f 1552 	1553 	1554
f 1554 	1555 	1556
f 1556 	1557 	1558
f 1558 	1559 	1560
f 1560 	1561 	1562
f 1562 	1563 	1564
f 1564 	1565 	1566
f 1566 	1567 	1568
f 1569 	1570 	1571
f 1571 	1572 	1573
f 1574 	1575 	1576
f 1576 	1577 	1578
f 1578 	1579 	1580
f 1580 	1581 	1582
f 1582 	1583 	1584
f 1584 	1585 	1586
f 1587 	1588 	1589
f 1589 	1590 	1591
f 1592 	1593 	1594
f 1594 	1595 	1596
f 1596 	1597 	1598
f 1599 	1600 	1601
f 1601 	1602 	1603
f 1603 	1604 	1605
f 1606 	1607 	1608
f 1608 	1609 	1610
f 1610 	1611 	1612
f 1612 	1613 	1614
f 1615 	1616 	1617
f 1617 	1618 	1619
f 1619 	1620 	1621
f 1622 	1623 	1624
f 1624 	1625 	1626
f 1626 	1627 	1628
f 1628 	1629 	1630
f 1630 	1631 	1632
f 1632 	1633 	1634
f 1635 	1636 	1637
f 1637 	1638 	1639
f 1640 	1641 	1641
f 1641 	1642 	1643
f 1644 	1645 	1646
f 1647 	1648 	1649
f 1649 	1650 	1651
f 1651 	1652 	1653
f 1653 	1654 	1655
f 1656 	1657 	1658
f 1658 	1659 	1660
f 1660 	1661 	1662
f 1662 	1663 	1664
f 1664 	1665 	1666
f 1666 	1667 	1668
f 1668 	1669 	1670
f 1671 	1672 	1673
f 1673 	1674 	1675
f 1675 	1676 	1677
f 1677 	1678 	1679
f 1679 	1680 	1681
f 1681 	1682 	1683
f 1683 	1684 	1685
f 1686 	1687 	1688
f 1688 	1689 	1690
f 1690 	1691 	1692
f 1692 	1693 	1694
f 1695 	1696 	1697
f 1697 	1698 	1699
f 1699 	1700 	1701
f 1701 	1702 	1703
f 1703 	1704 	1705
f 1706 	1707 	1708
f 1708 	1709 	1710
f 1711 	1712 	1713
f 1713 	1714 	1715
f 1715 	1716 	1717
f 1718 	1719 	1720
f 1720 	1721 	1722
f 1722 	1723 	1724
f 1725 	1726 	1727
f 1728 	1729 	1730
f 1730 	1731 	1732
f 1732 	1733 	1734
f 1734 	1735 	1736
f 1736 	1737 	1738
f 1738 	1739 	1740
f 1740 	1741 	1742
f 1742 	1743 	1744
f 1744 	1745 	1746
f 1746 	1747 	1748
f 1748 	1749 	1750
f 1751 	1752 	1753
f 1755 	1756 	1757
f 1757 	1758 	1759
f 1759 	1760 	1761
f 1761 	1762 	1763
f 1763 	1764 	1765
f 1765 	1766 	1767
f 1767 	1768 	1769
f 1769 	1770 	1771
f 1771 	1772 	1773
f 1773 	1774 	1775
f 1775 	1776 	1777
f 1778 	1779 	1780
f 1780 	1781 	1782
f 1783 	1784 	1785
f 1785 	1786 	1787
f 1787 	1788 	1789
f 1789 	1790 	1791
f 1791 	1792 	1793
f 1793 	1794 	1795
f 1795 	1796 	1797
f 1797 	1798 	1799
f 1799 	1800 	1801
f 1802 	1803 	1804
f 1805 	1806 	1807
f 1807 	1808 	1809
f 1809 	1810 	1811
f 1811 	1812 	1813
f 1814 	1815 	1816
f 1816 	1817 	1818
f 1818 	1819 	1820
f 1821 	1822 	1823
f 1823 	1824 	1825
f 1825 	1826 	1827
f 1828 	1829 	1830
f 1831 	1832 	1833
f 1834 	1835 	1836
f 1836 	1837 	1838
f 1839 	1840 	1841
f 1842 	1843 	1844
f 1844 	1845 	1846
f 1846 	1847 	1848
f 1848 	1849 	1850
f 1850 	1851 	1851
f 1852 	1853 	1854
f 1854 	1855 	1856
f 1856 	1857 	1858
f 1858 	1859 	1860
f 1860 	1861 	1862
f 1863 	1864 	1865
f 1865 	1866 	1867
f 1867 	1868 	1869
f 1869 	1870 	1871
f 1871 	1872 	1873
f 1873 	1874 	1875
f 1875 	1876 	1877
f 1877 	1878 	1879
f 1879 	1880 	1881
f 1882 	1883 	1884
f 1884 	1885 	1886
f 1887 	1888 	1889
f 1890 	1891 	1892
f 1893 	1894 	1895
f 1896 	1897 	1898
f 1898 	1899 	1900
f 1901 	1902 	1903
f 1904 	1905 	1906
f 1906 	1907 	1908
f 1908 	1909 	1910
f 1910 	1911 	1912
f 1912 	1913 	1914
f 1914 	1915 	1916
f 1916 	1917 	1918
f 1918 	1919 	1920
f 1920 	1921 	1922
f 1922 	1923 	1924
f 1924 	1925 	1926
f 1927 	1928 	1929
f 1929 	1930 	1931
f 1931 	1932 	1933
f 1934 	1935 	1936
f 1937 	1938 	1939
f 1940 	1941 	1942
f 1943 	1944 	1945
f 1945 	1946 	1947
f 1947 	1948 	1949
f 1949 	1950 	1951
f 1951 	1952 	1953
f 1953 	1954 	1955
f 1955 	1956 	1957
f 1958 	1959 	1960
f 1960 	1961 	1962
f 1962 	1963 	1964
f 1964 	1965 	1966
f 1966 	1967 	1968
f 1968 	1969 	1970
f 1970 	1971 	1972
f 1972 	1973 	1974
f 1974 	1975 	1976
f 1977 	1978 	1979
f 1979 	1980 	1981
f 1982 	1983 	1984
f 1985 	1986 	1987
f 1987 	1988 	1989
f 1990 	1991 	1992
f 1992 	1993 	1994
f 1995 	1996 	1997
f 1997 	1998 	1999
f 1999 	2000 	2001
f 2002 	2003 	2004
f 2004 	2005 	2006
f 2007 	2008 	2009
f 2009 	2010 	2011
f 2012 	2013 	2014
f 2015 	2016 	2017
f 2018 	2019 	2020
f 2020 	2021 	2022
f 2023 	2024 	2025
f 2026 	2027 	2028
f 2028 	2029 	2030
f 2030 	2031 	2032
f 2032 	2033 	2034
f 2034 	2035 	2036
f 2036 	2037 	2038
f 2038 	2039 	2040
f 2041 	2042 	2043
f 2043 	2044 	2045
f 2045 	2046 	2047
f 2047 	2048 	2049
f 2049 	2050 	2051
f 2051 	2052 	2053
f 2053 	2054 	2055
f 2056 	2057 	2058
f 2058 	2059 	2060
f 2060 	2061 	2062
f 2062 	2063 	2064
f 2064 	2065 	2066
f 2067 	2068 	2069
f 2069 	2070 	2071
f 2071 	2072 	2073
f 2073 	2074 	2075
f 2076 	2077 	2078
f 2078 	2079 	2080
f 2080 	2081 	2082
f 2082 	2083 	2084
f 2084 	2085 	2086
f 2086 	2087 	2088
f 2089 	2090 	2091
f 2092 	2093 	2094
f 2096 	2097 	2098
f 2098 	2099 	2100
f 2100 	2101 	2102
f 2102 	2103 	2104
f 2104 	2105 	2106
f 2106 	2107 	2108
f 2108 	2109 	2110
f 2110 	2111 	2112
f 2112 	2113 	2114
f 2114 	2115 	2116
f 2116 	2117 	2118
f 2119 	2120 	2121
f 2122 	2123 	2124
f 2125 	2126 	2127
f 2127 	2128 	2129
f 2129 	2130 	2131
f 2131 	2132 	2133
f 2133 	2134 	2135
f 2135 	2136 	2137
f 2138 	2139 	2140
f 2140 	2141 	2142
f 2143 	2144 	2145
f 1148 	1150 	1152
f 1155 	1157 	1159
f 1160 	1162 	1164
f 1164 	1166 	1168
f 1168 	1170 	1172
f 1172 	1174 	1176
f 1178 	1180 	1182
f 1184 	1186 	1188
f 1189 	1191 	1193
f 2146 	1196 	1198
f 2147 	1201 	1202
f 1204 	1206 	1207
f 1207 	1209 	1211
f 1213 	1215 	1217
f 1217 	1219 	1221
f 1221 	1223 	1225
f 1225 	1227 	1229
f 1230 	1232 	2148
f 1233 	1235 	1236
f 1236 	1238 	2149
f 2150 	1239 	1241
f 1242 	1244 	1245
f 1245 	1247 	1249
f 1250 	1252 	1253
f 1254 	1256 	2151
f 1257 	1259 	1261
f 1262 	1264 	2152
f 2153 	1265 	1267
f 1268 	1270 	2154
f 2155 	1271 	1273
f 1273 	1275 	1277
f 1278 	1280 	1282
f 1283 	1285 	1287
f 1287 	1289 	2156
f 1290 	1292 	1294
f 1294 	1296 	1298
f 1299 	1301 	1303
f 2157 	1304 	1306
f 1307 	1309 	1311
f 1311 	1313 	1315
f 1315 	1317 	1319
f 1319 	1321 	1323
f 1324 	1326 	2158
f 1327 	1329 	1331
f 1332 	1334 	1336
f 1336 	1338 	2159
f 1339 	1341 	1342
f 1342 	1344 	1345
f 1345 	1347 	1349
f 1350 	1352 	1353
f 1353 	1355 	1357
f 2160 	1358 	1360
f 2161 	1361 	1363
f 1363 	1365 	2162
f 1366 	1368 	1369
f 1369 	1371 	1372
f 1372 	1374 	1375
f 1375 	1377 	1378
f 1379 	1381 	1383
f 1383 	1385 	1387
f 1387 	1389 	1391
f 2163 	1395 	1397
f 1397 	1399 	1401
f 1401 	1403 	1405
f 1405 	1407 	1409
f 1409 	1411 	1413
f 1414 	1416 	1418
f 1420 	1422 	1424
f 1425 	1427 	2164
f 2164 	1428 	1430
f 1433 	1435 	1436
f 1436 	1438 	2165
f 1439 	1441 	2166
f 1442 	1444 	1445
f 1448 	1450 	1452
f 2167 	1453 	1455
f 1455 	1457 	2168
f 1458 	1460 	1462
f 1463 	1465 	1467
f 1468 	1470 	1472
f 1474 	1476 	1478
f 2169 	1479 	1481
f 1481 	1483 	1483
f 1483 	1484 	1485
f 1485 	1487 	1489
f 1489 	1491 	1493
f 1495 	1497 	1499
f 1500 	1502 	1503
f 1503 	1505 	1506
f 1506 	1508 	1510
f 1510 	1512 	1513
f 1515 	1516 	1518
f 1518 	1520 	1522
f 1522 	1524 	2170
f 1525 	1527 	1528
f 1528 	1530 	1532
f 1532 	1534 	1536
f 1536 	1538 	2171
f 2172 	1542 	1544
f 1544 	1546 	1548
f 1548 	1550 	1552
f 1552 	1554 	1556
f 1558 	1560 	1562
f 1562 	1564 	1566
f 1569 	1571 	1573
f 1574 	1576 	1578
f 1580 	1582 	1584
f 2173 	1587 	1589
f 2174 	1592 	1594
f 1594 	1596 	1598
f 1599 	1601 	1603
f 2175 	1606 	1608
f 1608 	1610 	1612
f 1612 	1614 	2176
f 1615 	1617 	1619
f 2177 	1622 	1624
f 1624 	1626 	1628
f 1628 	1630 	1632
f 1632 	1634 	1635
f 1635 	1637 	1639
f 1647 	1649 	1651
f 1651 	1653 	1655
f 1656 	1658 	1660
f 1660 	1662 	1664
f 1664 	1666 	1668
f 1668 	1670 	1671
f 1671 	1673 	1675
f 1675 	1677 	1679
f 1679 	1681 	1683
f 1683 	1685 	1686
f 1686 	1688 	1690
f 1692 	1694 	1695
f 1695 	1697 	1699
f 1699 	1701 	1703
f 1703 	1705 	2178
f 1706 	1708 	1710
f 1711 	1713 	1715
f 1718 	1720 	1722
f 1722 	1724 	2179
f 1728 	1730 	1732
f 1732 	1734 	1736
f 1736 	1738 	1740
f 1740 	1742 	1744
f 1744 	1746 	1748
f 1748 	1750 	2180
f 2181 	1751 	1753
f 1754 	1755 	1757
f 1757 	1759 	1761
f 1763 	1765 	1767
f 1767 	1769 	1771
f 1771 	1773 	1775
f 1775 	1777 	1778
f 1778 	1780 	1782
f 1783 	1785 	1787
f 1787 	1789 	1791
f 1791 	1793 	1795
f 1795 	1797 	1799
f 1802 	1804 	1805
f 1807 	1809 	1811
f 1816 	1818 	1820
f 2182 	1821 	1823
f 1825 	1827 	2183
f 2183 	1828 	1830
f 1831 	1833 	1834
f 1834 	1836 	1838
f 1839 	1841 	1842
f 1842 	1844 	1846
f 1846 	1848 	1850
f 1851 	1852 	1854
f 1854 	1856 	1858
f 1858 	1860 	1862
f 1863 	1865 	1867
f 1867 	1869 	1871
f 1871 	1873 	1875
f 1875 	1877 	1879
f 1879 	1881 	2184
f 2185 	1882 	1884
f 1887 	1889 	1890
f 2186 	1893 	1895
f 2187 	1896 	1898
f 1901 	1903 	1904
f 1904 	1906 	1908
f 1910 	1912 	1914
f 1914 	1916 	1918
f 1918 	1920 	1922
f 1922 	1924 	1926
f 1927 	1929 	1931
f 1931 	1933 	2188
f 2189 	1934 	1936
f 1937 	1939 	1940
f 1940 	1942 	1943
f 1943 	1945 	1947
f 1949 	1951 	1953
f 1953 	1955 	1957
f 1958 	1960 	1962
f 1964 	1966 	1968
f 1968 	1970 	1972
f 1972 	1974 	1976
f 2190 	1977 	1979
f 1982 	1984 	1985
f 1987 	1989 	1990
f 1990 	1992 	1994
f 1994 	1995 	1997
f 1999 	2001 	2002
f 2002 	2004 	2006
f 2007 	2009 	2011
f 2012 	2014 	2191
f 2192 	2015 	2017
f 2018 	2020 	2022
f 2023 	2025 	2193
f 2026 	2028 	2030
f 2030 	2032 	2034
f 2034 	2036 	2038
f 2038 	2040 	2041
f 2041 	2043 	2045
f 2047 	2049 	2051
f 2051 	2053 	2055
f 2055 	2056 	2058
f 2058 	2060 	2062
f 2062 	2064 	2066
f 2067 	2069 	2071
f 2071 	2073 	2075
f 2076 	2078 	2080
f 2080 	2082 	2084
f 2084 	2086 	2088
f 2089 	2091 	2092
f 2095 	2096 	2098
f 2098 	2100 	2102
f 2104 	2106 	2108
f 2110 	2112 	2114
f 2114 	2116 	2118
f 2122 	2124 	2125
f 2125 	2127 	2129
f 2129 	2131 	2133
f 2133 	2135 	2137
f 2138 	2140 	2142
f 2143 	2145 	2194
f 1148 	1152 	1154
f 1154 	1155 	1159
f 1160 	1164 	1168
f 1168 	1172 	1176
f 1178 	1182 	1184
f 1189 	1193 	1195
f 1195 	2146 	1198
f 1200 	2147 	1202
f 1204 	1207 	1211
f 1211 	1213 	1217
f 1217 	1221 	1225
f 1225 	1229 	2195
f 1233 	1236 	2149
f 2149 	2150 	1241
f 1242 	1245 	1249
f 1250 	1253 	1254
f 1254 	2151 	2196
f 1257 	1261 	2197
f 2197 	1262 	2152
f 2198 	2153 	1267
f 2154 	2155 	1273
f 1273 	1277 	1278
f 1278 	1282 	2199
f 1283 	1287 	2156
f 2200 	1290 	1294
f 1299 	1303 	2157
f 2157 	1306 	1307
f 1307 	1311 	1315
f 1315 	1319 	1319
f 1319 	1323 	2201
f 1327 	1331 	2202
f 1332 	1336 	2159
f 2203 	1339 	1342
f 1342 	1345 	1349
f 1353 	1357 	2160
f 2160 	1360 	2204
f 2204 	2161 	1363
f 1363 	2162 	2205
f 1366 	1369 	1372
f 1375 	1378 	1378
f 1378 	1379 	1383
f 1383 	1387 	1391
f 1394 	2163 	1397
f 1397 	1401 	1405
f 1405 	1409 	1413
f 1414 	1418 	1420
f 1420 	1424 	2206
f 2207 	1425 	2164
f 2164 	1430 	1432
f 1433 	1436 	2165
f 2166 	1442 	1445
f 1447 	1448 	1452
f 2208 	2167 	1455
f 1455 	2168 	2209
f 2209 	1458 	1462
f 1463 	1467 	2210
f 1468 	1472 	1474
f 1474 	1478 	2211
f 2212 	2169 	1481
f 1483 	1485 	1489
f 1489 	1493 	1495
f 1495 	1499 	2213
f 1500 	1503 	1506
f 1506 	1510 	1513
f 1513 	1515 	1518
f 1518 	1522 	2170
f 1528 	1532 	1536
f 1536 	2171 	1539
f 2214 	2172 	1544
f 1544 	1548 	1552
f 1552 	1556 	1558
f 1558 	1562 	1566
f 2215 	1569 	1573
f 1574 	1578 	1580
f 1580 	1584 	1586
f 1586 	2173 	1589
f 2216 	2174 	1594
f 1594 	1598 	1599
f 1599 	1603 	1605
f 1605 	2175 	1608
f 1608 	1612 	2176
f 1615 	1619 	1621
f 1621 	2177 	1624
f 1624 	1628 	1632
f 1635 	1639 	1640
f 1647 	1651 	1655
f 1656 	1660 	1664
f 1664 	1668 	1671
f 1671 	1675 	1679
f 1679 	1683 	1686
f 1686 	1690 	1692
f 1695 	1699 	1703
f 1703 	2178 	1706
f 1706 	1710 	2217
f 1711 	1715 	1717
f 1717 	1718 	1722
f 1722 	2179 	2218
f 1728 	1732 	1736
f 1736 	1740 	1744
f 1744 	1748 	2180
f 2219 	2181 	1753
f 1754 	1757 	1761
f 1761 	1763 	1767
f 1767 	1771 	1775
f 1778 	1782 	2220
f 1783 	1787 	1791
f 1791 	1795 	1799
f 1801 	1802 	1805
f 1807 	1811 	1813
f 1816 	1820 	2221
f 2222 	2182 	1823
f 2183 	1830 	2223
f 1834 	1838 	2224
f 1842 	1846 	1850
f 1850 	1851 	1854
f 1854 	1858 	1862
f 1862 	1863 	1867
f 1867 	1871 	1875
f 1875 	1879 	2184
f 2225 	2185 	1884
f 1886 	1887 	1890
f 1892 	2186 	1895
f 2226 	2187 	1898
f 1901 	1904 	1908
f 1908 	1910 	1914
f 1914 	1918 	1922
f 1922 	1926 	2227
f 1927 	1931 	2188
f 2189 	1936 	1937
f 1940 	1943 	1947
f 1949 	1953 	1957
f 1958 	1962 	1964
f 1964 	1968 	1972
f 1976 	2190 	1979
f 1981 	1982 	1985
f 1985 	1987 	1990
f 1990 	1994 	1997
f 1997 	1999 	2002
f 2002 	2006 	2228
f 2007 	2011 	2229
f 2012 	2191 	2230
f 2231 	2192 	2017
f 2232 	2018 	2022
f 2026 	2030 	2034
f 2034 	2038 	2041
f 2041 	2045 	2047
f 2047 	2051 	2055
f 2055 	2058 	2062
f 2062 	2066 	2233
f 2067 	2071 	2075
f 2075 	2076 	2080
f 2080 	2084 	2088
f 2089 	2092 	2094
f 2095 	2098 	2102
f 2104 	2108 	2110
f 2110 	2114 	2118
f 2122 	2125 	2129
f 2129 	2133 	2137
f 2137 	2138 	2142
f 2234 	1148 	1154
f 1154 	1159 	1160
f 1160 	1168 	1176
f 1176 	1178 	1184
f 1195 	1198 	1200
f 1200 	1202 	1203
f 1204 	1211 	1217
f 1217 	1225 	2195
f 2149 	1241 	2235
f 1242 	1249 	2236
f 1250 	1254 	2196
f 1257 	2197 	2152
f 2152 	2198 	1267
f 2154 	1273 	1278
f 1278 	2199 	1283
f 1283 	2156 	2237
f 2237 	2200 	1294
f 1299 	2157 	1307
f 1307 	1315 	1319
f 1319 	2201 	1324
f 1327 	2202 	1332
f 1332 	2159 	2238
f 2203 	1342 	1349
f 1353 	2160 	2204
f 2204 	1363 	2205
f 1366 	1372 	1375
f 1375 	1378 	1383
f 1383 	1391 	1392
f 1394 	1397 	1405
f 1405 	1413 	1414
f 1414 	1420 	2206
f 2207 	2164 	1432
f 1433 	2165 	2239
f 2166 	1445 	1447
f 1447 	1452 	2240
f 2240 	2208 	1455
f 2209 	1462 	2241
f 1463 	2210 	1468
f 1468 	1474 	2211
f 2212 	1481 	1483
f 1483 	1489 	1495
f 1495 	2213 	1500
f 1500 	1506 	1513
f 1513 	1518 	2170
f 1525 	1528 	1536
f 1541 	2214 	1544
f 1544 	1552 	1558
f 1558 	1566 	1568
f 2215 	1573 	2242
f 1574 	1580 	1586
f 1586 	1589 	1591
f 2216 	1594 	1599
f 1599 	1605 	1608
f 1608 	2176 	1615
f 1615 	1621 	1624
f 1624 	1632 	1635
f 1635 	1640 	1641
f 1647 	1655 	1656
f 1656 	1664 	1671
f 1671 	1679 	1686
f 1692 	1695 	1703
f 1703 	1706 	2217
f 1717 	1722 	2218
f 1728 	1736 	1744
f 1744 	2180 	2219
f 2219 	1753 	1754
f 1754 	1761 	1767
f 1767 	1775 	1778
f 1778 	2220 	1783
f 1783 	1791 	1799
f 1799 	1801 	1805
f 1807 	1813 	1814
f 1816 	2221 	2222
f 2222 	1823 	1825
f 1834 	2224 	1839
f 1839 	1842 	1850
f 1850 	1854 	1862
f 1862 	1867 	1875
f 1875 	2184 	2243
f 2225 	1884 	1886
f 1886 	1890 	1892
f 1892 	1895 	2244
f 2226 	1898 	1900
f 1901 	1908 	1914
f 1914 	1922 	2227
f 1927 	2188 	2245
f 2189 	1937 	1940
f 1940 	1947 	1949
f 1949 	1957 	1958
f 1958 	1964 	1972
f 1976 	1979 	1981
f 1981 	1985 	1990
f 1990 	1997 	2002
f 2007 	2229 	2012
f 2231 	2017 	2246
f 2232 	2022 	2023
f 2026 	2034 	2041
f 2041 	2047 	2055
f 2055 	2062 	2233
f 2067 	2075 	2080
f 2095 	2102 	2104
f 2104 	2110 	2118
f 2122 	2129 	2137
f 2137 	2142 	2143
f 2247 	2234 	1154
f 1154 	1160 	1176
f 1176 	1184 	1188
f 1200 	1203 	2248
f 1204 	1217 	2195
f 1233 	2149 	2235
f 1242 	2236 	1250
f 1250 	2196 	1257
f 2152 	1267 	1268
f 1268 	2154 	1278
f 1278 	1283 	2237
f 2237 	1294 	1298
f 2249 	1299 	1307
f 1307 	1319 	1324
f 1327 	1332 	2238
f 2250 	2203 	1349
f 1350 	1353 	2204
f 2204 	2205 	1366
f 1366 	1375 	1383
f 1383 	1392 	1394
f 1394 	1405 	1414
f 1433 	2239 	2251
f 2166 	1447 	2240
f 2240 	1455 	2209
f 1463 	1468 	2211
f 2212 	1483 	1495
f 1495 	1500 	1513
f 1513 	2170 	2252
f 2252 	1525 	1536
f 1539 	1541 	1544
f 1544 	1558 	1568
f 2215 	2242 	2253
f 1574 	1586 	1591
f 1599 	1608 	1615
f 1615 	1624 	1635
f 1656 	1671 	1686
f 1692 	1703 	2217
f 1717 	2218 	2254
f 1728 	1744 	2219
f 2219 	1754 	1767
f 1767 	1778 	1783
f 1783 	1799 	1805
f 1816 	2222 	1825
f 1831 	1834 	1839
f 1839 	1850 	1862
f 1862 	1875 	2243
f 2225 	1886 	1892
f 1892 	2244 	2226
f 1901 	1914 	2227
f 2189 	1940 	1949
f 1949 	1958 	1972
f 1976 	1981 	1990
f 1990 	2002 	2228
f 2007 	2012 	2230
f 2231 	2246 	2255
f 2232 	2023 	2193
f 2256 	2026 	2041
f 2041 	2055 	2233
f 2067 	2080 	2088
f 2095 	2104 	2118
f 2122 	2137 	2143
f 2257 	2247 	1154
f 1154 	1176 	1188
f 1200 	2248 	2258
f 1204 	2195 	1230
f 1233 	2235 	1242
f 1250 	1257 	2152
f 2152 	1268 	1278
f 1278 	2237 	1298
f 2259 	2249 	1307
f 1307 	1324 	2158
f 2260 	1327 	2238
f 2250 	1349 	2261
f 1350 	2204 	1366
f 1366 	1383 	1394
f 1394 	1414 	1414
f 1414 	2206 	2207
f 2166 	2240 	2209
f 1463 	2211 	2212
f 2212 	1495 	1513
f 1513 	2252 	1536
f 1539 	1544 	1568
f 1574 	1591 	2262
f 1599 	1615 	1635
f 1647 	1656 	1686
f 1692 	2217 	1711
f 1717 	2254 	2263
f 1728 	2219 	1767
f 1767 	1783 	1805
f 1814 	1816 	1825
f 1831 	1839 	1862
f 1862 	2243 	2264
f 2265 	2225 	1892
f 1901 	2227 	1927
f 2266 	2189 	1949
f 1949 	1972 	1976
f 1976 	1990 	2228
f 2256 	2041 	2233
f 2067 	2088 	2267
f 2095 	2118 	2119
f 2122 	2143 	2194
f 2257 	1154 	1188
f 1200 	2258 	1204
f 1233 	1242 	1250
f 1250 	2152 	1278
f 1278 	1298 	2259
f 2259 	1307 	2158
f 2268 	2260 	2238
f 2250 	2261 	1350
f 1350 	1366 	1394
f 1394 	1414 	2207
f 1439 	2166 	2209
f 1463 	2212 	1513
f 1513 	1536 	1539
f 1539 	1568 	2215
f 1574 	2262 	2269
f 2216 	1599 	1635
f 1647 	1686 	1692
f 1692 	1711 	1717
f 1717 	2263 	1725
f 1727 	1728 	1767
f 1767 	1805 	1807
f 2270 	1831 	1862
f 1862 	2264 	2271
f 2265 	1892 	2226
f 2266 	1949 	1976
f 1976 	2228 	2007
f 2272 	2256 	2233
f 2095 	2119 	2121
f 2122 	2194 	2273
f 2257 	1188 	2274
f 1233 	1250 	1278
f 1278 	2259 	2158
f 2268 	2238 	2275
f 2250 	1350 	1394
f 1394 	2207 	1432
f 1439 	2209 	2241
f 2276 	1463 	1513
f 1539 	2215 	2253
f 1574 	2269 	2216
f 2216 	1635 	1641
f 1647 	1692 	1717
f 1725 	1727 	1767
f 1767 	1807 	1814
f 2223 	2270 	1862
f 1862 	2271 	2265
f 2277 	2266 	1976
f 1976 	2007 	2230
f 2193 	2272 	2233
f 2095 	2121 	2122
f 2122 	2273 	2278
f 2257 	2274 	1189
f 1278 	2158 	2279
f 2275 	2250 	1394
f 1394 	1432 	2280
f 1439 	2241 	2281
f 2281 	2276 	1513
f 1574 	2216 	1641
f 1647 	1717 	1725
f 1767 	1814 	1825
f 2183 	2223 	1862
f 1862 	2265 	2226
f 2245 	2277 	1976
f 1976 	2230 	2282
f 2193 	2233 	2067
f 2095 	2122 	2278
f 2257 	1189 	1195
f 1278 	2279 	2283
f 2268 	2275 	1394
f 1394 	2280 	2284
f 1439 	2281 	1513
f 2285 	1574 	1641
f 1725 	1767 	1825
f 1825 	2183 	1862
f 1862 	2226 	1900
f 1927 	2245 	1976
f 1976 	2282 	2231
f 2193 	2067 	2267
f 2095 	2278 	2257
f 2257 	1195 	1200
f 1278 	2283 	2286
f 2286 	2268 	1394
f 1394 	2284 	1433
f 2251 	1439 	1513
f 2287 	2285 	1641
f 1647 	1725 	1825
f 1825 	1862 	1900
f 1927 	1976 	2231
f 2193 	2267 	2288
f 2257 	1200 	1204
f 1278 	2286 	1394
f 1433 	2251 	1513
f 2253 	2287 	1641
f 1646 	1647 	1825
f 1825 	1900 	2289
f 1901 	1927 	2231
f 2193 	2288 	2089
f 2095 	2257 	1204
f 1278 	1394 	1433
f 1433 	1513 	1539
f 2253 	1641 	1641
f 1644 	1646 	1825
f 1825 	2289 	2290
f 1901 	2231 	2255
f 2193 	2089 	2094
f 1233 	1278 	1433
f 1433 	1539 	2253
f 1643 	1644 	1825
f 1825 	2290 	1901
f 1901 	2255 	2291
f 2193 	2094 	2095
f 2292 	1233 	1433
f 1641 	1643 	1825
f 1901 	2291 	2293
f 2193 	2095 	1204
f 2294 	2292 	1433
f 1641 	1825 	1901
f 1901 	2293 	2232
f 2148 	2294 	1433
f 2253 	1641 	1901
f 1901 	2232 	2193
f 1230 	2148 	1433
f 2253 	1901 	2193
f 1230 	1433 	2253
f 2253 	2193 	1204
f 1204 	1230 	2253
f 1126 	1131 	2273
f 1131 	2278 	2273
f 1131 	1110 	2278
f 1110 	2257 	2278
f 1110 	1100 	2257
f 1100 	2247 	2257
f 1100 	1087 	2247
f 1087 	2234 	2247
f 1087 	3 	2234
f 3 	1148 	2234
f 3 	2 	1148
f 2 	1149 	1148
f 2 	1 	1149
f 1 	1150 	1149
f 1 	5 	1150
f 5 	1151 	1150
f 5 	4 	1151
f 4 	1152 	1151
f 4 	7 	1152
f 7 	1153 	1152
f 7 	6 	1153
f 6 	1154 	1153
f 6 	10 	1154
f 10 	1155 	1154
f 10 	9 	1155
f 9 	1156 	1155
f 9 	8 	1156
f 8 	1157 	1156
f 8 	12 	1157
f 12 	1158 	1157
f 12 	11 	1158
f 11 	1159 	1158
f 11 	15 	1159
f 15 	1160 	1159
f 15 	14 	1160
f 14 	1161 	1160
f 14 	13 	1161
f 13 	1162 	1161
f 13 	17 	1162
f 17 	1163 	1162
f 17 	16 	1163
f 16 	1164 	1163
f 16 	19 	1164
f 19 	1165 	1164
f 19 	18 	1165
f 18 	1166 	1165
f 18 	21 	1166
f 21 	1167 	1166
f 21 	20 	1167
f 20 	1168 	1167
f 20 	23 	1168
f 23 	1169 	1168
f 23 	22 	1169
f 22 	1170 	1169
f 22 	25 	1170
f 25 	1171 	1170
f 25 	24 	1171
f 24 	1172 	1171
f 24 	27 	1172
f 27 	1173 	1172
f 27 	26 	1173
f 26 	1174 	1173
f 26 	29 	1174
f 29 	1175 	1174
f 29 	28 	1175
f 28 	1176 	1175
f 28 	31 	1176
f 31 	1177 	1176
f 31 	30 	1177
f 30 	1178 	1177
f 30 	33 	1178
f 33 	1179 	1178
f 33 	32 	1179
f 32 	1180 	1179
f 32 	35 	1180
f 35 	1181 	1180
f 35 	34 	1181
f 34 	1182 	1181
f 34 	37 	1182
f 37 	1183 	1182
f 37 	36 	1183
f 36 	1184 	1183
f 36 	39 	1184
f 39 	1185 	1184
f 39 	38 	1185
f 38 	1186 	1185
f 38 	41 	1186
f 41 	1187 	1186
f 41 	40 	1187
f 40 	1188 	1187
f 40 	1127 	1188
f 1127 	2274 	1188
f 1127 	44 	2274
f 44 	1189 	2274
f 44 	43 	1189
f 43 	1190 	1189
f 43 	42 	1190
f 42 	1191 	1190
f 42 	46 	1191
f 46 	1192 	1191
f 46 	45 	1192
f 45 	1193 	1192
f 45 	48 	1193
f 48 	1194 	1193
f 48 	47 	1194
f 47 	1195 	1194
f 47 	999 	1195
f 999 	2146 	1195
f 999 	51 	2146
f 51 	1196 	2146
f 51 	50 	1196
f 50 	1197 	1196
f 50 	49 	1197
f 49 	1198 	1197
f 49 	53 	1198
f 53 	1199 	1198
f 53 	52 	1199
f 52 	1200 	1199
f 52 	1000 	1200
f 1000 	2147 	1200
f 1000 	55 	2147
f 55 	1201 	2147
f 55 	54 	1201
f 54 	1202 	1201
f 54 	1202 	1202
f 54 	56 	1202
f 56 	1203 	1202
f 56 	1203 	1203
f 56 	1101 	1203
f 1101 	2248 	1203
f 1101 	1111 	2248
f 1111 	2258 	2248
f 1111 	59 	2258
f 59 	1204 	2258
f 59 	58 	1204
f 58 	1205 	1204
f 58 	57 	1205
f 57 	1206 	1205
f 57 	62 	1206
f 62 	1207 	1206
f 62 	61 	1207
f 61 	1208 	1207
f 61 	60 	1208
f 60 	1209 	1208
f 60 	64 	1209
f 64 	1210 	1209
f 64 	63 	1210
f 63 	1211 	1210
f 63 	66 	1211
f 66 	1212 	1211
f 66 	65 	1212
f 65 	1213 	1212
f 65 	68 	1213
f 68 	1214 	1213
f 68 	67 	1214
f 67 	1215 	1214
f 67 	70 	1215
f 70 	1216 	1215
f 70 	69 	1216
f 69 	1217 	1216
f 69 	72 	1217
f 72 	1218 	1217
f 72 	71 	1218
f 71 	1219 	1218
f 71 	74 	1219
f 74 	1220 	1219
f 74 	73 	1220
f 73 	1221 	1220
f 73 	76 	1221
f 76 	1222 	1221
f 76 	75 	1222
f 75 	1223 	1222
f 75 	78 	1223
f 78 	1224 	1223
f 78 	77 	1224
f 77 	1225 	1224
f 77 	80 	1225
f 80 	1226 	1225
f 80 	79 	1226
f 79 	1227 	1226
f 79 	82 	1227
f 82 	1228 	1227
f 82 	81 	1228
f 81 	1229 	1228
f 81 	1048 	1229
f 1048 	2195 	1229
f 1048 	85 	2195
f 85 	1230 	2195
f 85 	84 	1230
f 84 	1231 	1230
f 84 	83 	1231
f 83 	1232 	1231
f 83 	1001 	1232
f 1001 	2148 	1232
f 1001 	1147 	2148
f 1147 	2294 	2148
f 1147 	1145 	2294
f 1145 	2292 	2294
f 1145 	88 	2292
f 88 	1233 	2292
f 88 	87 	1233
f 87 	1234 	1233
f 87 	86 	1234
f 86 	1235 	1234
f 86 	91 	1235
f 91 	1236 	1235
f 91 	90 	1236
f 90 	1237 	1236
f 90 	89 	1237
f 89 	1238 	1237
f 89 	1002 	1238
f 1002 	2149 	1238
f 1002 	1003 	2149
f 1003 	2150 	2149
f 1003 	94 	2150
f 94 	1239 	2150
f 94 	93 	1239
f 93 	1240 	1239
f 93 	92 	1240
f 92 	1241 	1240
f 92 	1088 	1241
f 1088 	2235 	1241
f 1088 	97 	2235
f 97 	1242 	2235
f 97 	96 	1242
f 96 	1243 	1242
f 96 	95 	1243
f 95 	1244 	1243
f 95 	100 	1244
f 100 	1245 	1244
f 100 	99 	1245
f 99 	1246 	1245
f 99 	98 	1246
f 98 	1247 	1246
f 98 	102 	1247
f 102 	1248 	1247
f 102 	101 	1248
f 101 	1249 	1248
f 101 	1089 	1249
f 1089 	2236 	1249
f 1089 	105 	2236
f 105 	1250 	2236
f 105 	104 	1250
f 104 	1251 	1250
f 104 	103 	1251
f 103 	1252 	1251
f 103 	106 	1252
f 106 	1253 	1252
f 106 	1253 	1253
f 106 	109 	1253
f 109 	1254 	1253
f 109 	108 	1254
f 108 	1255 	1254
f 108 	107 	1255
f 107 	1256 	1255
f 107 	1004 	1256
f 1004 	2151 	1256
f 1004 	1049 	2151
f 1049 	2196 	2151
f 1049 	112 	2196
f 112 	1257 	2196
f 112 	111 	1257
f 111 	1258 	1257
f 111 	110 	1258
f 110 	1259 	1258
f 110 	114 	1259
f 114 	1260 	1259
f 114 	113 	1260
f 113 	1261 	1260
f 113 	1050 	1261
f 1050 	2197 	1261
f 1050 	117 	2197
f 117 	1262 	2197
f 117 	116 	1262
f 116 	1263 	1262
f 116 	115 	1263
f 115 	1264 	1263
f 115 	1005 	1264
f 1005 	2152 	1264
f 1005 	1051 	2152
f 1051 	2198 	2152
f 1051 	1006 	2198
f 1006 	2153 	2198
f 1006 	120 	2153
f 120 	1265 	2153
f 120 	119 	1265
f 119 	1266 	1265
f 119 	118 	1266
f 118 	1267 	1266
f 118 	123 	1267
f 123 	1268 	1267
f 123 	122 	1268
f 122 	1269 	1268
f 122 	121 	1269
f 121 	1270 	1269
f 121 	1007 	1270
f 1007 	2154 	1270
f 1007 	1008 	2154
f 1008 	2155 	2154
f 1008 	126 	2155
f 126 	1271 	2155
f 126 	125 	1271
f 125 	1272 	1271
f 125 	124 	1272
f 124 	1273 	1272
f 124 	128 	1273
f 128 	1274 	1273
f 128 	127 	1274
f 127 	1275 	1274
f 127 	130 	1275
f 130 	1276 	1275
f 130 	129 	1276
f 129 	1277 	1276
f 129 	133 	1277
f 133 	1278 	1277
f 133 	132 	1278
f 132 	1279 	1278
f 132 	131 	1279
f 131 	1280 	1279
f 131 	135 	1280
f 135 	1281 	1280
f 135 	134 	1281
f 134 	1282 	1281
f 134 	1052 	1282
f 1052 	2199 	1282
f 1052 	138 	2199
f 138 	1283 	2199
f 138 	137 	1283
f 137 	1284 	1283
f 137 	136 	1284
f 136 	1285 	1284
f 136 	140 	1285
f 140 	1286 	1285
f 140 	139 	1286
f 139 	1287 	1286
f 139 	142 	1287
f 142 	1288 	1287
f 142 	141 	1288
f 141 	1289 	1288
f 141 	1009 	1289
f 1009 	2156 	1289
f 1009 	1090 	2156
f 1090 	2237 	2156
f 1090 	1053 	2237
f 1053 	2200 	2237
f 1053 	145 	2200
f 145 	1290 	2200
f 145 	144 	1290
f 144 	1291 	1290
f 144 	143 	1291
f 143 	1292 	1291
f 143 	147 	1292
f 147 	1293 	1292
f 147 	146 	1293
f 146 	1294 	1293
f 146 	149 	1294
f 149 	1295 	1294
f 149 	148 	1295
f 148 	1296 	1295
f 148 	151 	1296
f 151 	1297 	1296
f 151 	150 	1297
f 150 	1298 	1297
f 150 	1112 	1298
f 1112 	2259 	1298
f 1112 	1102 	2259
f 1102 	2249 	2259
f 1102 	154 	2249
f 154 	1299 	2249
f 154 	153 	1299
f 153 	1300 	1299
f 153 	152 	1300
f 152 	1301 	1300
f 152 	156 	1301
f 156 	1302 	1301
f 156 	155 	1302
f 155 	1303 	1302
f 155 	1010 	1303
f 1010 	2157 	1303
f 1010 	159 	2157
f 159 	1304 	2157
f 159 	158 	1304
f 158 	1305 	1304
f 158 	157 	1305
f 157 	1306 	1305
f 157 	162 	1306
f 162 	1307 	1306
f 162 	161 	1307
f 161 	1308 	1307
f 161 	160 	1308
f 160 	1309 	1308
f 160 	164 	1309
f 164 	1310 	1309
f 164 	163 	1310
f 163 	1311 	1310
f 163 	166 	1311
f 166 	1312 	1311
f 166 	165 	1312
f 165 	1313 	1312
f 165 	168 	1313
f 168 	1314 	1313
f 168 	167 	1314
f 167 	1315 	1314
f 167 	170 	1315
f 170 	1316 	1315
f 170 	169 	1316
f 169 	1317 	1316
f 169 	172 	1317
f 172 	1318 	1317
f 172 	171 	1318
f 171 	1319 	1318
f 171 	1319 	1319
f 171 	174 	1319
f 174 	1320 	1319
f 174 	173 	1320
f 173 	1321 	1320
f 173 	176 	1321
f 176 	1322 	1321
f 176 	175 	1322
f 175 	1323 	1322
f 175 	1054 	1323
f 1054 	2201 	1323
f 1054 	179 	2201
f 179 	1324 	2201
f 179 	178 	1324
f 178 	1325 	1324
f 178 	177 	1325
f 177 	1326 	1325
f 177 	1011 	1326
f 1011 	2158 	1326
f 1011 	1132 	2158
f 1132 	2279 	2158
f 1132 	1136 	2279
f 1136 	2283 	2279
f 1136 	1139 	2283
f 1139 	2286 	2283
f 1139 	1121 	2286
f 1121 	2268 	2286
f 1121 	1113 	2268
f 1113 	2260 	2268
f 1113 	182 	2260
f 182 	1327 	2260
f 182 	181 	1327
f 181 	1328 	1327
f 181 	180 	1328
f 180 	1329 	1328
f 180 	184 	1329
f 184 	1330 	1329
f 184 	183 	1330
f 183 	1331 	1330
f 183 	1055 	1331
f 1055 	2202 	1331
f 1055 	187 	2202
f 187 	1332 	2202
f 187 	186 	1332
f 186 	1333 	1332
f 186 	185 	1333
f 185 	1334 	1333
f 185 	189 	1334
f 189 	1335 	1334
f 189 	188 	1335
f 188 	1336 	1335
f 188 	191 	1336
f 191 	1337 	1336
f 191 	190 	1337
f 190 	1338 	1337
f 190 	1012 	1338
f 1012 	2159 	1338
f 1012 	1091 	2159
f 1091 	2238 	2159
f 1091 	1128 	2238
f 1128 	2275 	2238
f 1128 	1103 	2275
f 1103 	2250 	2275
f 1103 	1056 	2250
f 1056 	2203 	2250
f 1056 	194 	2203
f 194 	1339 	2203
f 194 	193 	1339
f 193 	1340 	1339
f 193 	192 	1340
f 192 	1341 	1340
f 192 	197 	1341
f 197 	1342 	1341
f 197 	196 	1342
f 196 	1343 	1342
f 196 	195 	1343
f 195 	1344 	1343
f 195 	200 	1344
f 200 	1345 	1344
f 200 	199 	1345
f 199 	1346 	1345
f 199 	198 	1346
f 198 	1347 	1346
f 198 	202 	1347
f 202 	1348 	1347
f 202 	201 	1348
f 201 	1349 	1348
f 201 	1114 	1349
f 1114 	2261 	1349
f 1114 	205 	2261
f 205 	1350 	2261
f 205 	204 	1350
f 204 	1351 	1350
f 204 	203 	1351
f 203 	1352 	1351
f 203 	208 	1352
f 208 	1353 	1352
f 208 	207 	1353
f 207 	1354 	1353
f 207 	206 	1354
f 206 	1355 	1354
f 206 	210 	1355
f 210 	1356 	1355
f 210 	209 	1356
f 209 	1357 	1356
f 209 	1013 	1357
f 1013 	2160 	1357
f 1013 	213 	2160
f 213 	1358 	2160
f 213 	212 	1358
f 212 	1359 	1358
f 212 	211 	1359
f 211 	1360 	1359
f 211 	1057 	1360
f 1057 	2204 	1360
f 1057 	1014 	2204
f 1014 	2161 	2204
f 1014 	216 	2161
f 216 	1361 	2161
f 216 	215 	1361
f 215 	1362 	1361
f 215 	214 	1362
f 214 	1363 	1362
f 214 	218 	1363
f 218 	1364 	1363
f 218 	217 	1364
f 217 	1365 	1364
f 217 	1015 	1365
f 1015 	2162 	1365
f 1015 	1058 	2162
f 1058 	2205 	2162
f 1058 	221 	2205
f 221 	1366 	2205
f 221 	220 	1366
f 220 	1367 	1366
f 220 	219 	1367
f 219 	1368 	1367
f 219 	224 	1368
f 224 	1369 	1368
f 224 	223 	1369
f 223 	1370 	1369
f 223 	222 	1370
f 222 	1371 	1370
f 222 	227 	1371
f 227 	1372 	1371
f 227 	226 	1372
f 226 	1373 	1372
f 226 	225 	1373
f 225 	1374 	1373
f 225 	230 	1374
f 230 	1375 	1374
f 230 	229 	1375
f 229 	1376 	1375
f 229 	228 	1376
f 228 	1377 	1376
f 228 	231 	1377
f 231 	1378 	1377
f 231 	1378 	1378
f 231 	1378 	1378
f 231 	234 	1378
f 234 	1379 	1378
f 234 	233 	1379
f 233 	1380 	1379
f 233 	232 	1380
f 232 	1381 	1380
f 232 	236 	1381
f 236 	1382 	1381
f 236 	235 	1382
f 235 	1383 	1382
f 235 	238 	1383
f 238 	1384 	1383
f 238 	237 	1384
f 237 	1385 	1384
f 237 	240 	1385
f 240 	1386 	1385
f 240 	239 	1386
f 239 	1387 	1386
f 239 	242 	1387
f 242 	1388 	1387
f 242 	241 	1388
f 241 	1389 	1388
f 241 	244 	1389
f 244 	1390 	1389
f 244 	243 	1390
f 243 	1391 	1390
f 243 	247 	1391
f 247 	1392 	1391
f 247 	246 	1392
f 246 	1393 	1392
f 246 	245 	1393
f 245 	1394 	1393
f 245 	1016 	1394
f 1016 	2163 	1394
f 1016 	250 	2163
f 250 	1395 	2163
f 250 	249 	1395
f 249 	1396 	1395
f 249 	248 	1396
f 248 	1397 	1396
f 248 	252 	1397
f 252 	1398 	1397
f 252 	251 	1398
f 251 	1399 	1398
f 251 	254 	1399
f 254 	1400 	1399
f 254 	253 	1400
f 253 	1401 	1400
f 253 	256 	1401
f 256 	1402 	1401
f 256 	255 	1402
f 255 	1403 	1402
f 255 	258 	1403
f 258 	1404 	1403
f 258 	257 	1404
f 257 	1405 	1404
f 257 	260 	1405
f 260 	1406 	1405
f 260 	259 	1406
f 259 	1407 	1406
f 259 	262 	1407
f 262 	1408 	1407
f 262 	261 	1408
f 261 	1409 	1408
f 261 	264 	1409
f 264 	1410 	1409
f 264 	263 	1410
f 263 	1411 	1410
f 263 	266 	1411
f 266 	1412 	1411
f 266 	265 	1412
f 265 	1413 	1412
f 265 	267 	1413
f 267 	1414 	1413
f 267 	1414 	1414
f 267 	1414 	1414
f 267 	1414 	1414
f 267 	269 	1414
f 269 	1415 	1414
f 269 	268 	1415
f 268 	1416 	1415
f 268 	271 	1416
f 271 	1417 	1416
f 271 	270 	1417
f 270 	1418 	1417
f 270 	273 	1418
f 273 	1419 	1418
f 273 	272 	1419
f 272 	1420 	1419
f 272 	275 	1420
f 275 	1421 	1420
f 275 	274 	1421
f 274 	1422 	1421
f 274 	277 	1422
f 277 	1423 	1422
f 277 	276 	1423
f 276 	1424 	1423
f 276 	1059 	1424
f 1059 	2206 	1424
f 1059 	1060 	2206
f 1060 	2207 	2206
f 1060 	280 	2207
f 280 	1425 	2207
f 280 	279 	1425
f 279 	1426 	1425
f 279 	278 	1426
f 278 	1427 	1426
f 278 	1017 	1427
f 1017 	2164 	1427
f 1017 	283 	2164
f 283 	1428 	2164
f 283 	282 	1428
f 282 	1429 	1428
f 282 	281 	1429
f 281 	1430 	1429
f 281 	285 	1430
f 285 	1431 	1430
f 285 	284 	1431
f 284 	1432 	1431
f 284 	1133 	1432
f 1133 	2280 	1432
f 1133 	1137 	2280
f 1137 	2284 	2280
f 1137 	288 	2284
f 288 	1433 	2284
f 288 	287 	1433
f 287 	1434 	1433
f 287 	286 	1434
f 286 	1435 	1434
f 286 	291 	1435
f 291 	1436 	1435
f 291 	290 	1436
f 290 	1437 	1436
f 290 	289 	1437
f 289 	1438 	1437
f 289 	1018 	1438
f 1018 	2165 	1438
f 1018 	1092 	2165
f 1092 	2239 	2165
f 1092 	1104 	2239
f 1104 	2251 	2239
f 1104 	294 	2251
f 294 	1439 	2251
f 294 	293 	1439
f 293 	1440 	1439
f 293 	292 	1440
f 292 	1441 	1440
f 292 	1019 	1441
f 1019 	2166 	1441
f 1019 	297 	2166
f 297 	1442 	2166
f 297 	296 	1442
f 296 	1443 	1442
f 296 	295 	1443
f 295 	1444 	1443
f 295 	300 	1444
f 300 	1445 	1444
f 300 	299 	1445
f 299 	1446 	1445
f 299 	298 	1446
f 298 	1447 	1446
f 298 	303 	1447
f 303 	1448 	1447
f 303 	302 	1448
f 302 	1449 	1448
f 302 	301 	1449
f 301 	1450 	1449
f 301 	305 	1450
f 305 	1451 	1450
f 305 	304 	1451
f 304 	1452 	1451
f 304 	1093 	1452
f 1093 	2240 	1452
f 1093 	1061 	2240
f 1061 	2208 	2240
f 1061 	1020 	2208
f 1020 	2167 	2208
f 1020 	308 	2167
f 308 	1453 	2167
f 308 	307 	1453
f 307 	1454 	1453
f 307 	306 	1454
f 306 	1455 	1454
f 306 	310 	1455
f 310 	1456 	1455
f 310 	309 	1456
f 309 	1457 	1456
f 309 	1021 	1457
f 1021 	2168 	1457
f 1021 	1062 	2168
f 1062 	2209 	2168
f 1062 	313 	2209
f 313 	1458 	2209
f 313 	312 	1458
f 312 	1459 	1458
f 312 	311 	1459
f 311 	1460 	1459
f 311 	315 	1460
f 315 	1461 	1460
f 315 	314 	1461
f 314 	1462 	1461
f 314 	1094 	1462
f 1094 	2241 	1462
f 1094 	1134 	2241
f 1134 	2281 	2241
f 1134 	1129 	2281
f 1129 	2276 	2281
f 1129 	318 	2276
f 318 	1463 	2276
f 318 	317 	1463
f 317 	1464 	1463
f 317 	316 	1464
f 316 	1465 	1464
f 316 	320 	1465
f 320 	1466 	1465
f 320 	319 	1466
f 319 	1467 	1466
f 319 	1063 	1467
f 1063 	2210 	1467
f 1063 	323 	2210
f 323 	1468 	2210
f 323 	322 	1468
f 322 	1469 	1468
f 322 	321 	1469
f 321 	1470 	1469
f 321 	325 	1470
f 325 	1471 	1470
f 325 	324 	1471
f 324 	1472 	1471
f 324 	327 	1472
f 327 	1473 	1472
f 327 	326 	1473
f 326 	1474 	1473
f 326 	329 	1474
f 329 	1475 	1474
f 329 	328 	1475
f 328 	1476 	1475
f 328 	331 	1476
f 331 	1477 	1476
f 331 	330 	1477
f 330 	1478 	1477
f 330 	1064 	1478
f 1064 	2211 	1478
f 1064 	1065 	2211
f 1065 	2212 	2211
f 1065 	1022 	2212
f 1022 	2169 	2212
f 1022 	334 	2169
f 334 	1479 	2169
f 334 	333 	1479
f 333 	1480 	1479
f 333 	332 	1480
f 332 	1481 	1480
f 332 	336 	1481
f 336 	1482 	1481
f 336 	335 	1482
f 335 	1483 	1482
f 335 	1483 	1483
f 335 	1483 	1483
f 335 	337 	1483
f 337 	1484 	1483
f 337 	340 	1484
f 340 	1485 	1484
f 340 	339 	1485
f 339 	1486 	1485
f 339 	338 	1486
f 338 	1487 	1486
f 338 	342 	1487
f 342 	1488 	1487
f 342 	341 	1488
f 341 	1489 	1488
f 341 	344 	1489
f 344 	1490 	1489
f 344 	343 	1490
f 343 	1491 	1490
f 343 	346 	1491
f 346 	1492 	1491
f 346 	345 	1492
f 345 	1493 	1492
f 345 	348 	1493
f 348 	1494 	1493
f 348 	347 	1494
f 347 	1495 	1494
f 347 	350 	1495
f 350 	1496 	1495
f 350 	349 	1496
f 349 	1497 	1496
f 349 	352 	1497
f 352 	1498 	1497
f 352 	351 	1498
f 351 	1499 	1498
f 351 	1066 	1499
f 1066 	2213 	1499
f 1066 	355 	2213
f 355 	1500 	2213
f 355 	354 	1500
f 354 	1501 	1500
f 354 	353 	1501
f 353 	1502 	1501
f 353 	358 	1502
f 358 	1503 	1502
f 358 	357 	1503
f 357 	1504 	1503
f 357 	356 	1504
f 356 	1505 	1504
f 356 	361 	1505
f 361 	1506 	1505
f 361 	360 	1506
f 360 	1507 	1506
f 360 	359 	1507
f 359 	1508 	1507
f 359 	363 	1508
f 363 	1509 	1508
f 363 	362 	1509
f 362 	1510 	1509
f 362 	365 	1510
f 365 	1511 	1510
f 365 	364 	1511
f 364 	1512 	1511
f 364 	366 	1512
f 366 	1513 	1512
f 366 	1513 	1513
f 366 	1513 	1513
f 366 	368 	1513
f 368 	1514 	1513
f 368 	367 	1514
f 367 	1515 	1514
f 367 	369 	1515
f 369 	1516 	1515
f 369 	1516 	1516
f 369 	371 	1516
f 371 	1517 	1516
f 371 	370 	1517
f 370 	1518 	1517
f 370 	373 	1518
f 373 	1519 	1518
f 373 	372 	1519
f 372 	1520 	1519
f 372 	375 	1520
f 375 	1521 	1520
f 375 	374 	1521
f 374 	1522 	1521
f 374 	377 	1522
f 377 	1523 	1522
f 377 	376 	1523
f 376 	1524 	1523
f 376 	1023 	1524
f 1023 	2170 	1524
f 1023 	1105 	2170
f 1105 	2252 	2170
f 1105 	380 	2252
f 380 	1525 	2252
f 380 	379 	1525
f 379 	1526 	1525
f 379 	378 	1526
f 378 	1527 	1526
f 378 	383 	1527
f 383 	1528 	1527
f 383 	382 	1528
f 382 	1529 	1528
f 382 	381 	1529
f 381 	1530 	1529
f 381 	385 	1530
f 385 	1531 	1530
f 385 	384 	1531
f 384 	1532 	1531
f 384 	387 	1532
f 387 	1533 	1532
f 387 	386 	1533
f 386 	1534 	1533
f 386 	389 	1534
f 389 	1535 	1534
f 389 	388 	1535
f 388 	1536 	1535
f 388 	391 	1536
f 391 	1537 	1536
f 391 	390 	1537
f 390 	1538 	1537
f 390 	1024 	1538
f 1024 	2171 	1538
f 1024 	394 	2171
f 394 	1539 	2171
f 394 	393 	1539
f 393 	1540 	1539
f 393 	392 	1540
f 392 	1541 	1540
f 392 	1067 	1541
f 1067 	2214 	1541
f 1067 	1025 	2214
f 1025 	2172 	2214
f 1025 	397 	2172
f 397 	1542 	2172
f 397 	396 	1542
f 396 	1543 	1542
f 396 	395 	1543
f 395 	1544 	1543
f 395 	399 	1544
f 399 	1545 	1544
f 399 	398 	1545
f 398 	1546 	1545
f 398 	401 	1546
f 401 	1547 	1546
f 401 	400 	1547
f 400 	1548 	1547
f 400 	403 	1548
f 403 	1549 	1548
f 403 	402 	1549
f 402 	1550 	1549
f 402 	405 	1550
f 405 	1551 	1550
f 405 	404 	1551
f 404 	1552 	1551
f 404 	407 	1552
f 407 	1553 	1552
f 407 	406 	1553
f 406 	1554 	1553
f 406 	409 	1554
f 409 	1555 	1554
f 409 	408 	1555
f 408 	1556 	1555
f 408 	411 	1556
f 411 	1557 	1556
f 411 	410 	1557
f 410 	1558 	1557
f 410 	413 	1558
f 413 	1559 	1558
f 413 	412 	1559
f 412 	1560 	1559
f 412 	415 	1560
f 415 	1561 	1560
f 415 	414 	1561
f 414 	1562 	1561
f 414 	417 	1562
f 417 	1563 	1562
f 417 	416 	1563
f 416 	1564 	1563
f 416 	419 	1564
f 419 	1565 	1564
f 419 	418 	1565
f 418 	1566 	1565
f 418 	421 	1566
f 421 	1567 	1566
f 421 	420 	1567
f 420 	1568 	1567
f 420 	1068 	1568
f 1068 	2215 	1568
f 1068 	424 	2215
f 424 	1569 	2215
f 424 	423 	1569
f 423 	1570 	1569
f 423 	422 	1570
f 422 	1571 	1570
f 422 	426 	1571
f 426 	1572 	1571
f 426 	425 	1572
f 425 	1573 	1572
f 425 	1095 	1573
f 1095 	2242 	1573
f 1095 	1106 	2242
f 1106 	2253 	2242
f 1106 	1140 	2253
f 1140 	2287 	2253
f 1140 	1138 	2287
f 1138 	2285 	2287
f 1138 	429 	2285
f 429 	1574 	2285
f 429 	428 	1574
f 428 	1575 	1574
f 428 	427 	1575
f 427 	1576 	1575
f 427 	431 	1576
f 431 	1577 	1576
f 431 	430 	1577
f 430 	1578 	1577
f 430 	433 	1578
f 433 	1579 	1578
f 433 	432 	1579
f 432 	1580 	1579
f 432 	435 	1580
f 435 	1581 	1580
f 435 	434 	1581
f 434 	1582 	1581
f 434 	437 	1582
f 437 	1583 	1582
f 437 	436 	1583
f 436 	1584 	1583
f 436 	439 	1584
f 439 	1585 	1584
f 439 	438 	1585
f 438 	1586 	1585
f 438 	1026 	1586
f 1026 	2173 	1586
f 1026 	442 	2173
f 442 	1587 	2173
f 442 	441 	1587
f 441 	1588 	1587
f 441 	440 	1588
f 440 	1589 	1588
f 440 	444 	1589
f 444 	1590 	1589
f 444 	443 	1590
f 443 	1591 	1590
f 443 	1115 	1591
f 1115 	2262 	1591
f 1115 	1122 	2262
f 1122 	2269 	2262
f 1122 	1069 	2269
f 1069 	2216 	2269
f 1069 	1027 	2216
f 1027 	2174 	2216
f 1027 	447 	2174
f 447 	1592 	2174
f 447 	446 	1592
f 446 	1593 	1592
f 446 	445 	1593
f 445 	1594 	1593
f 445 	449 	1594
f 449 	1595 	1594
f 449 	448 	1595
f 448 	1596 	1595
f 448 	451 	1596
f 451 	1597 	1596
f 451 	450 	1597
f 450 	1598 	1597
f 450 	454 	1598
f 454 	1599 	1598
f 454 	453 	1599
f 453 	1600 	1599
f 453 	452 	1600
f 452 	1601 	1600
f 452 	456 	1601
f 456 	1602 	1601
f 456 	455 	1602
f 455 	1603 	1602
f 455 	458 	1603
f 458 	1604 	1603
f 458 	457 	1604
f 457 	1605 	1604
f 457 	1028 	1605
f 1028 	2175 	1605
f 1028 	461 	2175
f 461 	1606 	2175
f 461 	460 	1606
f 460 	1607 	1606
f 460 	459 	1607
f 459 	1608 	1607
f 459 	463 	1608
f 463 	1609 	1608
f 463 	462 	1609
f 462 	1610 	1609
f 462 	465 	1610
f 465 	1611 	1610
f 465 	464 	1611
f 464 	1612 	1611
f 464 	467 	1612
f 467 	1613 	1612
f 467 	466 	1613
f 466 	1614 	1613
f 466 	1029 	1614
f 1029 	2176 	1614
f 1029 	470 	2176
f 470 	1615 	2176
f 470 	469 	1615
f 469 	1616 	1615
f 469 	468 	1616
f 468 	1617 	1616
f 468 	472 	1617
f 472 	1618 	1617
f 472 	471 	1618
f 471 	1619 	1618
f 471 	474 	1619
f 474 	1620 	1619
f 474 	473 	1620
f 473 	1621 	1620
f 473 	1030 	1621
f 1030 	2177 	1621
f 1030 	477 	2177
f 477 	1622 	2177
f 477 	476 	1622
f 476 	1623 	1622
f 476 	475 	1623
f 475 	1624 	1623
f 475 	479 	1624
f 479 	1625 	1624
f 479 	478 	1625
f 478 	1626 	1625
f 478 	481 	1626
f 481 	1627 	1626
f 481 	480 	1627
f 480 	1628 	1627
f 480 	483 	1628
f 483 	1629 	1628
f 483 	482 	1629
f 482 	1630 	1629
f 482 	485 	1630
f 485 	1631 	1630
f 485 	484 	1631
f 484 	1632 	1631
f 484 	487 	1632
f 487 	1633 	1632
f 487 	486 	1633
f 486 	1634 	1633
f 486 	490 	1634
f 490 	1635 	1634
f 490 	489 	1635
f 489 	1636 	1635
f 489 	488 	1636
f 488 	1637 	1636
f 488 	492 	1637
f 492 	1638 	1637
f 492 	491 	1638
f 491 	1639 	1638
f 491 	494 	1639
f 494 	1640 	1639
f 494 	493 	1640
f 493 	1641 	1640
f 493 	1641 	1641
f 493 	1641 	1641
f 493 	496 	1641
f 496 	1642 	1641
f 496 	495 	1642
f 495 	1643 	1642
f 495 	499 	1643
f 499 	1644 	1643
f 499 	498 	1644
f 498 	1645 	1644
f 498 	497 	1645
f 497 	1646 	1645
f 497 	502 	1646
f 502 	1647 	1646
f 502 	501 	1647
f 501 	1648 	1647
f 501 	500 	1648
f 500 	1649 	1648
f 500 	504 	1649
f 504 	1650 	1649
f 504 	503 	1650
f 503 	1651 	1650
f 503 	506 	1651
f 506 	1652 	1651
f 506 	505 	1652
f 505 	1653 	1652
f 505 	508 	1653
f 508 	1654 	1653
f 508 	507 	1654
f 507 	1655 	1654
f 507 	511 	1655
f 511 	1656 	1655
f 511 	510 	1656
f 510 	1657 	1656
f 510 	509 	1657
f 509 	1658 	1657
f 509 	513 	1658
f 513 	1659 	1658
f 513 	512 	1659
f 512 	1660 	1659
f 512 	515 	1660
f 515 	1661 	1660
f 515 	514 	1661
f 514 	1662 	1661
f 514 	517 	1662
f 517 	1663 	1662
f 517 	516 	1663
f 516 	1664 	1663
f 516 	519 	1664
f 519 	1665 	1664
f 519 	518 	1665
f 518 	1666 	1665
f 518 	521 	1666
f 521 	1667 	1666
f 521 	520 	1667
f 520 	1668 	1667
f 520 	523 	1668
f 523 	1669 	1668
f 523 	522 	1669
f 522 	1670 	1669
f 522 	526 	1670
f 526 	1671 	1670
f 526 	525 	1671
f 525 	1672 	1671
f 525 	524 	1672
f 524 	1673 	1672
f 524 	528 	1673
f 528 	1674 	1673
f 528 	527 	1674
f 527 	1675 	1674
f 527 	530 	1675
f 530 	1676 	1675
f 530 	529 	1676
f 529 	1677 	1676
f 529 	532 	1677
f 532 	1678 	1677
f 532 	531 	1678
f 531 	1679 	1678
f 531 	534 	1679
f 534 	1680 	1679
f 534 	533 	1680
f 533 	1681 	1680
f 533 	536 	1681
f 536 	1682 	1681
f 536 	535 	1682
f 535 	1683 	1682
f 535 	538 	1683
f 538 	1684 	1683
f 538 	537 	1684
f 537 	1685 	1684
f 537 	541 	1685
f 541 	1686 	1685
f 541 	540 	1686
f 540 	1687 	1686
f 540 	539 	1687
f 539 	1688 	1687
f 539 	543 	1688
f 543 	1689 	1688
f 543 	542 	1689
f 542 	1690 	1689
f 542 	545 	1690
f 545 	1691 	1690
f 545 	544 	1691
f 544 	1692 	1691
f 544 	547 	1692
f 547 	1693 	1692
f 547 	546 	1693
f 546 	1694 	1693
f 546 	550 	1694
f 550 	1695 	1694
f 550 	549 	1695
f 549 	1696 	1695
f 549 	548 	1696
f 548 	1697 	1696
f 548 	552 	1697
f 552 	1698 	1697
f 552 	551 	1698
f 551 	1699 	1698
f 551 	554 	1699
f 554 	1700 	1699
f 554 	553 	1700
f 553 	1701 	1700
f 553 	556 	1701
f 556 	1702 	1701
f 556 	555 	1702
f 555 	1703 	1702
f 555 	558 	1703
f 558 	1704 	1703
f 558 	557 	1704
f 557 	1705 	1704
f 557 	1031 	1705
f 1031 	2178 	1705
f 1031 	561 	2178
f 561 	1706 	2178
f 561 	560 	1706
f 560 	1707 	1706
f 560 	559 	1707
f 559 	1708 	1707
f 559 	563 	1708
f 563 	1709 	1708
f 563 	562 	1709
f 562 	1710 	1709
f 562 	1070 	1710
f 1070 	2217 	1710
f 1070 	566 	2217
f 566 	1711 	2217
f 566 	565 	1711
f 565 	1712 	1711
f 565 	564 	1712
f 564 	1713 	1712
f 564 	568 	1713
f 568 	1714 	1713
f 568 	567 	1714
f 567 	1715 	1714
f 567 	570 	1715
f 570 	1716 	1715
f 570 	569 	1716
f 569 	1717 	1716
f 569 	573 	1717
f 573 	1718 	1717
f 573 	572 	1718
f 572 	1719 	1718
f 572 	571 	1719
f 571 	1720 	1719
f 571 	575 	1720
f 575 	1721 	1720
f 575 	574 	1721
f 574 	1722 	1721
f 574 	577 	1722
f 577 	1723 	1722
f 577 	576 	1723
f 576 	1724 	1723
f 576 	1032 	1724
f 1032 	2179 	1724
f 1032 	1071 	2179
f 1071 	2218 	2179
f 1071 	1107 	2218
f 1107 	2254 	2218
f 1107 	1116 	2254
f 1116 	2263 	2254
f 1116 	580 	2263
f 580 	1725 	2263
f 580 	579 	1725
f 579 	1726 	1725
f 579 	578 	1726
f 578 	1727 	1726
f 578 	583 	1727
f 583 	1728 	1727
f 583 	582 	1728
f 582 	1729 	1728
f 582 	581 	1729
f 581 	1730 	1729
f 581 	585 	1730
f 585 	1731 	1730
f 585 	584 	1731
f 584 	1732 	1731
f 584 	587 	1732
f 587 	1733 	1732
f 587 	586 	1733
f 586 	1734 	1733
f 586 	589 	1734
f 589 	1735 	1734
f 589 	588 	1735
f 588 	1736 	1735
f 588 	591 	1736
f 591 	1737 	1736
f 591 	590 	1737
f 590 	1738 	1737
f 590 	593 	1738
f 593 	1739 	1738
f 593 	592 	1739
f 592 	1740 	1739
f 592 	595 	1740
f 595 	1741 	1740
f 595 	594 	1741
f 594 	1742 	1741
f 594 	597 	1742
f 597 	1743 	1742
f 597 	596 	1743
f 596 	1744 	1743
f 596 	599 	1744
f 599 	1745 	1744
f 599 	598 	1745
f 598 	1746 	1745
f 598 	601 	1746
f 601 	1747 	1746
f 601 	600 	1747
f 600 	1748 	1747
f 600 	603 	1748
f 603 	1749 	1748
f 603 	602 	1749
f 602 	1750 	1749
f 602 	1033 	1750
f 1033 	2180 	1750
f 1033 	1072 	2180
f 1072 	2219 	2180
f 1072 	1034 	2219
f 1034 	2181 	2219
f 1034 	606 	2181
f 606 	1751 	2181
f 606 	605 	1751
f 605 	1752 	1751
f 605 	604 	1752
f 604 	1753 	1752
f 604 	608 	1753
f 608 	1754 	1753
f 608 	1754 	1754
f 608 	607 	1754
f 607 	1755 	1754
f 607 	610 	1755
f 610 	1756 	1755
f 610 	609 	1756
f 609 	1757 	1756
f 609 	612 	1757
f 612 	1758 	1757
f 612 	611 	1758
f 611 	1759 	1758
f 611 	614 	1759
f 614 	1760 	1759
f 614 	613 	1760
f 613 	1761 	1760
f 613 	616 	1761
f 616 	1762 	1761
f 616 	615 	1762
f 615 	1763 	1762
f 615 	618 	1763
f 618 	1764 	1763
f 618 	617 	1764
f 617 	1765 	1764
f 617 	620 	1765
f 620 	1766 	1765
f 620 	619 	1766
f 619 	1767 	1766
f 619 	622 	1767
f 622 	1768 	1767
f 622 	621 	1768
f 621 	1769 	1768
f 621 	624 	1769
f 624 	1770 	1769
f 624 	623 	1770
f 623 	1771 	1770
f 623 	626 	1771
f 626 	1772 	1771
f 626 	625 	1772
f 625 	1773 	1772
f 625 	628 	1773
f 628 	1774 	1773
f 628 	627 	1774
f 627 	1775 	1774
f 627 	630 	1775
f 630 	1776 	1775
f 630 	629 	1776
f 629 	1777 	1776
f 629 	633 	1777
f 633 	1778 	1777
f 633 	632 	1778
f 632 	1779 	1778
f 632 	631 	1779
f 631 	1780 	1779
f 631 	635 	1780
f 635 	1781 	1780
f 635 	634 	1781
f 634 	1782 	1781
f 634 	1073 	1782
f 1073 	2220 	1782
f 1073 	638 	2220
f 638 	1783 	2220
f 638 	637 	1783
f 637 	1784 	1783
f 637 	636 	1784
f 636 	1785 	1784
f 636 	640 	1785
f 640 	1786 	1785
f 640 	639 	1786
f 639 	1787 	1786
f 639 	642 	1787
f 642 	1788 	1787
f 642 	641 	1788
f 641 	1789 	1788
f 641 	644 	1789
f 644 	1790 	1789
f 644 	643 	1790
f 643 	1791 	1790
f 643 	646 	1791
f 646 	1792 	1791
f 646 	645 	1792
f 645 	1793 	1792
f 645 	648 	1793
f 648 	1794 	1793
f 648 	647 	1794
f 647 	1795 	1794
f 647 	650 	1795
f 650 	1796 	1795
f 650 	649 	1796
f 649 	1797 	1796
f 649 	652 	1797
f 652 	1798 	1797
f 652 	651 	1798
f 651 	1799 	1798
f 651 	654 	1799
f 654 	1800 	1799
f 654 	653 	1800
f 653 	1801 	1800
f 653 	657 	1801
f 657 	1802 	1801
f 657 	656 	1802
f 656 	1803 	1802
f 656 	655 	1803
f 655 	1804 	1803
f 655 	660 	1804
f 660 	1805 	1804
f 660 	659 	1805
f 659 	1806 	1805
f 659 	658 	1806
f 658 	1807 	1806
f 658 	662 	1807
f 662 	1808 	1807
f 662 	661 	1808
f 661 	1809 	1808
f 661 	664 	1809
f 664 	1810 	1809
f 664 	663 	1810
f 663 	1811 	1810
f 663 	666 	1811
f 666 	1812 	1811
f 666 	665 	1812
f 665 	1813 	1812
f 665 	669 	1813
f 669 	1814 	1813
f 669 	668 	1814
f 668 	1815 	1814
f 668 	667 	1815
f 667 	1816 	1815
f 667 	671 	1816
f 671 	1817 	1816
f 671 	670 	1817
f 670 	1818 	1817
f 670 	673 	1818
f 673 	1819 	1818
f 673 	672 	1819
f 672 	1820 	1819
f 672 	1074 	1820
f 1074 	2221 	1820
f 1074 	1075 	2221
f 1075 	2222 	2221
f 1075 	1035 	2222
f 1035 	2182 	2222
f 1035 	676 	2182
f 676 	1821 	2182
f 676 	675 	1821
f 675 	1822 	1821
f 675 	674 	1822
f 674 	1823 	1822
f 674 	678 	1823
f 678 	1824 	1823
f 678 	677 	1824
f 677 	1825 	1824
f 677 	680 	1825
f 680 	1826 	1825
f 680 	679 	1826
f 679 	1827 	1826
f 679 	1036 	1827
f 1036 	2183 	1827
f 1036 	683 	2183
f 683 	1828 	2183
f 683 	682 	1828
f 682 	1829 	1828
f 682 	681 	1829
f 681 	1830 	1829
f 681 	1076 	1830
f 1076 	2223 	1830
f 1076 	1123 	2223
f 1123 	2270 	2223
f 1123 	686 	2270
f 686 	1831 	2270
f 686 	685 	1831
f 685 	1832 	1831
f 685 	684 	1832
f 684 	1833 	1832
f 684 	689 	1833
f 689 	1834 	1833
f 689 	688 	1834
f 688 	1835 	1834
f 688 	687 	1835
f 687 	1836 	1835
f 687 	691 	1836
f 691 	1837 	1836
f 691 	690 	1837
f 690 	1838 	1837
f 690 	1077 	1838
f 1077 	2224 	1838
f 1077 	694 	2224
f 694 	1839 	2224
f 694 	693 	1839
f 693 	1840 	1839
f 693 	692 	1840
f 692 	1841 	1840
f 692 	697 	1841
f 697 	1842 	1841
f 697 	696 	1842
f 696 	1843 	1842
f 696 	695 	1843
f 695 	1844 	1843
f 695 	699 	1844
f 699 	1845 	1844
f 699 	698 	1845
f 698 	1846 	1845
f 698 	701 	1846
f 701 	1847 	1846
f 701 	700 	1847
f 700 	1848 	1847
f 700 	703 	1848
f 703 	1849 	1848
f 703 	702 	1849
f 702 	1850 	1849
f 702 	704 	1850
f 704 	1851 	1850
f 704 	1851 	1851
f 704 	1851 	1851
f 704 	705 	1851
f 705 	1852 	1851
f 705 	707 	1852
f 707 	1853 	1852
f 707 	706 	1853
f 706 	1854 	1853
f 706 	709 	1854
f 709 	1855 	1854
f 709 	708 	1855
f 708 	1856 	1855
f 708 	711 	1856
f 711 	1857 	1856
f 711 	710 	1857
f 710 	1858 	1857
f 710 	713 	1858
f 713 	1859 	1858
f 713 	712 	1859
f 712 	1860 	1859
f 712 	715 	1860
f 715 	1861 	1860
f 715 	714 	1861
f 714 	1862 	1861
f 714 	718 	1862
f 718 	1863 	1862
f 718 	717 	1863
f 717 	1864 	1863
f 717 	716 	1864
f 716 	1865 	1864
f 716 	720 	1865
f 720 	1866 	1865
f 720 	719 	1866
f 719 	1867 	1866
f 719 	722 	1867
f 722 	1868 	1867
f 722 	721 	1868
f 721 	1869 	1868
f 721 	724 	1869
f 724 	1870 	1869
f 724 	723 	1870
f 723 	1871 	1870
f 723 	726 	1871
f 726 	1872 	1871
f 726 	725 	1872
f 725 	1873 	1872
f 725 	728 	1873
f 728 	1874 	1873
f 728 	727 	1874
f 727 	1875 	1874
f 727 	730 	1875
f 730 	1876 	1875
f 730 	729 	1876
f 729 	1877 	1876
f 729 	732 	1877
f 732 	1878 	1877
f 732 	731 	1878
f 731 	1879 	1878
f 731 	734 	1879
f 734 	1880 	1879
f 734 	733 	1880
f 733 	1881 	1880
f 733 	1037 	1881
f 1037 	2184 	1881
f 1037 	1096 	2184
f 1096 	2243 	2184
f 1096 	1117 	2243
f 1117 	2264 	2243
f 1117 	1124 	2264
f 1124 	2271 	2264
f 1124 	1118 	2271
f 1118 	2265 	2271
f 1118 	1078 	2265
f 1078 	2225 	2265
f 1078 	1038 	2225
f 1038 	2185 	2225
f 1038 	737 	2185
f 737 	1882 	2185
f 737 	736 	1882
f 736 	1883 	1882
f 736 	735 	1883
f 735 	1884 	1883
f 735 	739 	1884
f 739 	1885 	1884
f 739 	738 	1885
f 738 	1886 	1885
f 738 	742 	1886
f 742 	1887 	1886
f 742 	741 	1887
f 741 	1888 	1887
f 741 	740 	1888
f 740 	1889 	1888
f 740 	745 	1889
f 745 	1890 	1889
f 745 	744 	1890
f 744 	1891 	1890
f 744 	743 	1891
f 743 	1892 	1891
f 743 	1039 	1892
f 1039 	2186 	1892
f 1039 	748 	2186
f 748 	1893 	2186
f 748 	747 	1893
f 747 	1894 	1893
f 747 	746 	1894
f 746 	1895 	1894
f 746 	1097 	1895
f 1097 	2244 	1895
f 1097 	1079 	2244
f 1079 	2226 	2244
f 1079 	1040 	2226
f 1040 	2187 	2226
f 1040 	751 	2187
f 751 	1896 	2187
f 751 	750 	1896
f 750 	1897 	1896
f 750 	749 	1897
f 749 	1898 	1897
f 749 	753 	1898
f 753 	1899 	1898
f 753 	752 	1899
f 752 	1900 	1899
f 752 	1142 	1900
f 1142 	2289 	1900
f 1142 	1143 	2289
f 1143 	2290 	2289
f 1143 	756 	2290
f 756 	1901 	2290
f 756 	755 	1901
f 755 	1902 	1901
f 755 	754 	1902
f 754 	1903 	1902
f 754 	759 	1903
f 759 	1904 	1903
f 759 	758 	1904
f 758 	1905 	1904
f 758 	757 	1905
f 757 	1906 	1905
f 757 	761 	1906
f 761 	1907 	1906
f 761 	760 	1907
f 760 	1908 	1907
f 760 	763 	1908
f 763 	1909 	1908
f 763 	762 	1909
f 762 	1910 	1909
f 762 	765 	1910
f 765 	1911 	1910
f 765 	764 	1911
f 764 	1912 	1911
f 764 	767 	1912
f 767 	1913 	1912
f 767 	766 	1913
f 766 	1914 	1913
f 766 	769 	1914
f 769 	1915 	1914
f 769 	768 	1915
f 768 	1916 	1915
f 768 	771 	1916
f 771 	1917 	1916
f 771 	770 	1917
f 770 	1918 	1917
f 770 	773 	1918
f 773 	1919 	1918
f 773 	772 	1919
f 772 	1920 	1919
f 772 	775 	1920
f 775 	1921 	1920
f 775 	774 	1921
f 774 	1922 	1921
f 774 	777 	1922
f 777 	1923 	1922
f 777 	776 	1923
f 776 	1924 	1923
f 776 	779 	1924
f 779 	1925 	1924
f 779 	778 	1925
f 778 	1926 	1925
f 778 	1080 	1926
f 1080 	2227 	1926
f 1080 	782 	2227
f 782 	1927 	2227
f 782 	781 	1927
f 781 	1928 	1927
f 781 	780 	1928
f 780 	1929 	1928
f 780 	784 	1929
f 784 	1930 	1929
f 784 	783 	1930
f 783 	1931 	1930
f 783 	786 	1931
f 786 	1932 	1931
f 786 	785 	1932
f 785 	1933 	1932
f 785 	1041 	1933
f 1041 	2188 	1933
f 1041 	1098 	2188
f 1098 	2245 	2188
f 1098 	1130 	2245
f 1130 	2277 	2245
f 1130 	1119 	2277
f 1119 	2266 	2277
f 1119 	1042 	2266
f 1042 	2189 	2266
f 1042 	789 	2189
f 789 	1934 	2189
f 789 	788 	1934
f 788 	1935 	1934
f 788 	787 	1935
f 787 	1936 	1935
f 787 	792 	1936
f 792 	1937 	1936
f 792 	791 	1937
f 791 	1938 	1937
f 791 	790 	1938
f 790 	1939 	1938
f 790 	795 	1939
f 795 	1940 	1939
f 795 	794 	1940
f 794 	1941 	1940
f 794 	793 	1941
f 793 	1942 	1941
f 793 	798 	1942
f 798 	1943 	1942
f 798 	797 	1943
f 797 	1944 	1943
f 797 	796 	1944
f 796 	1945 	1944
f 796 	800 	1945
f 800 	1946 	1945
f 800 	799 	1946
f 799 	1947 	1946
f 799 	802 	1947
f 802 	1948 	1947
f 802 	801 	1948
f 801 	1949 	1948
f 801 	804 	1949
f 804 	1950 	1949
f 804 	803 	1950
f 803 	1951 	1950
f 803 	806 	1951
f 806 	1952 	1951
f 806 	805 	1952
f 805 	1953 	1952
f 805 	808 	1953
f 808 	1954 	1953
f 808 	807 	1954
f 807 	1955 	1954
f 807 	810 	1955
f 810 	1956 	1955
f 810 	809 	1956
f 809 	1957 	1956
f 809 	813 	1957
f 813 	1958 	1957
f 813 	812 	1958
f 812 	1959 	1958
f 812 	811 	1959
f 811 	1960 	1959
f 811 	815 	1960
f 815 	1961 	1960
f 815 	814 	1961
f 814 	1962 	1961
f 814 	817 	1962
f 817 	1963 	1962
f 817 	816 	1963
f 816 	1964 	1963
f 816 	819 	1964
f 819 	1965 	1964
f 819 	818 	1965
f 818 	1966 	1965
f 818 	821 	1966
f 821 	1967 	1966
f 821 	820 	1967
f 820 	1968 	1967
f 820 	823 	1968
f 823 	1969 	1968
f 823 	822 	1969
f 822 	1970 	1969
f 822 	825 	1970
f 825 	1971 	1970
f 825 	824 	1971
f 824 	1972 	1971
f 824 	827 	1972
f 827 	1973 	1972
f 827 	826 	1973
f 826 	1974 	1973
f 826 	829 	1974
f 829 	1975 	1974
f 829 	828 	1975
f 828 	1976 	1975
f 828 	1043 	1976
f 1043 	2190 	1976
f 1043 	832 	2190
f 832 	1977 	2190
f 832 	831 	1977
f 831 	1978 	1977
f 831 	830 	1978
f 830 	1979 	1978
f 830 	834 	1979
f 834 	1980 	1979
f 834 	833 	1980
f 833 	1981 	1980
f 833 	837 	1981
f 837 	1982 	1981
f 837 	836 	1982
f 836 	1983 	1982
f 836 	835 	1983
f 835 	1984 	1983
f 835 	840 	1984
f 840 	1985 	1984
f 840 	839 	1985
f 839 	1986 	1985
f 839 	838 	1986
f 838 	1987 	1986
f 838 	842 	1987
f 842 	1988 	1987
f 842 	841 	1988
f 841 	1989 	1988
f 841 	845 	1989
f 845 	1990 	1989
f 845 	844 	1990
f 844 	1991 	1990
f 844 	843 	1991
f 843 	1992 	1991
f 843 	847 	1992
f 847 	1993 	1992
f 847 	846 	1993
f 846 	1994 	1993
f 846 	850 	1994
f 850 	1995 	1994
f 850 	849 	1995
f 849 	1996 	1995
f 849 	848 	1996
f 848 	1997 	1996
f 848 	852 	1997
f 852 	1998 	1997
f 852 	851 	1998
f 851 	1999 	1998
f 851 	854 	1999
f 854 	2000 	1999
f 854 	853 	2000
f 853 	2001 	2000
f 853 	857 	2001
f 857 	2002 	2001
f 857 	856 	2002
f 856 	2003 	2002
f 856 	855 	2003
f 855 	2004 	2003
f 855 	859 	2004
f 859 	2005 	2004
f 859 	858 	2005
f 858 	2006 	2005
f 858 	1081 	2006
f 1081 	2228 	2006
f 1081 	862 	2228
f 862 	2007 	2228
f 862 	861 	2007
f 861 	2008 	2007
f 861 	860 	2008
f 860 	2009 	2008
f 860 	864 	2009
f 864 	2010 	2009
f 864 	863 	2010
f 863 	2011 	2010
f 863 	1082 	2011
f 1082 	2229 	2011
f 1082 	867 	2229
f 867 	2012 	2229
f 867 	866 	2012
f 866 	2013 	2012
f 866 	865 	2013
f 865 	2014 	2013
f 865 	1044 	2014
f 1044 	2191 	2014
f 1044 	1083 	2191
f 1083 	2230 	2191
f 1083 	1135 	2230
f 1135 	2282 	2230
f 1135 	1084 	2282
f 1084 	2231 	2282
f 1084 	1045 	2231
f 1045 	2192 	2231
f 1045 	870 	2192
f 870 	2015 	2192
f 870 	869 	2015
f 869 	2016 	2015
f 869 	868 	2016
f 868 	2017 	2016
f 868 	1099 	2017
f 1099 	2246 	2017
f 1099 	1108 	2246
f 1108 	2255 	2246
f 1108 	1144 	2255
f 1144 	2291 	2255
f 1144 	1146 	2291
f 1146 	2293 	2291
f 1146 	1085 	2293
f 1085 	2232 	2293
f 1085 	873 	2232
f 873 	2018 	2232
f 873 	872 	2018
f 872 	2019 	2018
f 872 	871 	2019
f 871 	2020 	2019
f 871 	875 	2020
f 875 	2021 	2020
f 875 	874 	2021
f 874 	2022 	2021
f 874 	878 	2022
f 878 	2023 	2022
f 878 	877 	2023
f 877 	2024 	2023
f 877 	876 	2024
f 876 	2025 	2024
f 876 	1046 	2025
f 1046 	2193 	2025
f 1046 	1125 	2193
f 1125 	2272 	2193
f 1125 	1109 	2272
f 1109 	2256 	2272
f 1109 	881 	2256
f 881 	2026 	2256
f 881 	880 	2026
f 880 	2027 	2026
f 880 	879 	2027
f 879 	2028 	2027
f 879 	883 	2028
f 883 	2029 	2028
f 883 	882 	2029
f 882 	2030 	2029
f 882 	885 	2030
f 885 	2031 	2030
f 885 	884 	2031
f 884 	2032 	2031
f 884 	887 	2032
f 887 	2033 	2032
f 887 	886 	2033
f 886 	2034 	2033
f 886 	889 	2034
f 889 	2035 	2034
f 889 	888 	2035
f 888 	2036 	2035
f 888 	891 	2036
f 891 	2037 	2036
f 891 	890 	2037
f 890 	2038 	2037
f 890 	893 	2038
f 893 	2039 	2038
f 893 	892 	2039
f 892 	2040 	2039
f 892 	896 	2040
f 896 	2041 	2040
f 896 	895 	2041
f 895 	2042 	2041
f 895 	894 	2042
f 894 	2043 	2042
f 894 	898 	2043
f 898 	2044 	2043
f 898 	897 	2044
f 897 	2045 	2044
f 897 	900 	2045
f 900 	2046 	2045
f 900 	899 	2046
f 899 	2047 	2046
f 899 	902 	2047
f 902 	2048 	2047
f 902 	901 	2048
f 901 	2049 	2048
f 901 	904 	2049
f 904 	2050 	2049
f 904 	903 	2050
f 903 	2051 	2050
f 903 	906 	2051
f 906 	2052 	2051
f 906 	905 	2052
f 905 	2053 	2052
f 905 	908 	2053
f 908 	2054 	2053
f 908 	907 	2054
f 907 	2055 	2054
f 907 	911 	2055
f 911 	2056 	2055
f 911 	910 	2056
f 910 	2057 	2056
f 910 	909 	2057
f 909 	2058 	2057
f 909 	913 	2058
f 913 	2059 	2058
f 913 	912 	2059
f 912 	2060 	2059
f 912 	915 	2060
f 915 	2061 	2060
f 915 	914 	2061
f 914 	2062 	2061
f 914 	917 	2062
f 917 	2063 	2062
f 917 	916 	2063
f 916 	2064 	2063
f 916 	919 	2064
f 919 	2065 	2064
f 919 	918 	2065
f 918 	2066 	2065
f 918 	1086 	2066
f 1086 	2233 	2066
f 1086 	922 	2233
f 922 	2067 	2233
f 922 	921 	2067
f 921 	2068 	2067
f 921 	920 	2068
f 920 	2069 	2068
f 920 	924 	2069
f 924 	2070 	2069
f 924 	923 	2070
f 923 	2071 	2070
f 923 	926 	2071
f 926 	2072 	2071
f 926 	925 	2072
f 925 	2073 	2072
f 925 	928 	2073
f 928 	2074 	2073
f 928 	927 	2074
f 927 	2075 	2074
f 927 	931 	2075
f 931 	2076 	2075
f 931 	930 	2076
f 930 	2077 	2076
f 930 	929 	2077
f 929 	2078 	2077
f 929 	933 	2078
f 933 	2079 	2078
f 933 	932 	2079
f 932 	2080 	2079
f 932 	935 	2080
f 935 	2081 	2080
f 935 	934 	2081
f 934 	2082 	2081
f 934 	937 	2082
f 937 	2083 	2082
f 937 	936 	2083
f 936 	2084 	2083
f 936 	939 	2084
f 939 	2085 	2084
f 939 	938 	2085
f 938 	2086 	2085
f 938 	941 	2086
f 941 	2087 	2086
f 941 	940 	2087
f 940 	2088 	2087
f 940 	1120 	2088
f 1120 	2267 	2088
f 1120 	1141 	2267
f 1141 	2288 	2267
f 1141 	944 	2288
f 944 	2089 	2288
f 944 	943 	2089
f 943 	2090 	2089
f 943 	942 	2090
f 942 	2091 	2090
f 942 	947 	2091
f 947 	2092 	2091
f 947 	946 	2092
f 946 	2093 	2092
f 946 	945 	2093
f 945 	2094 	2093
f 945 	949 	2094
f 949 	2095 	2094
f 949 	2095 	2095
f 949 	948 	2095
f 948 	2096 	2095
f 948 	951 	2096
f 951 	2097 	2096
f 951 	950 	2097
f 950 	2098 	2097
f 950 	953 	2098
f 953 	2099 	2098
f 953 	952 	2099
f 952 	2100 	2099
f 952 	955 	2100
f 955 	2101 	2100
f 955 	954 	2101
f 954 	2102 	2101
f 954 	957 	2102
f 957 	2103 	2102
f 957 	956 	2103
f 956 	2104 	2103
f 956 	959 	2104
f 959 	2105 	2104
f 959 	958 	2105
f 958 	2106 	2105
f 958 	961 	2106
f 961 	2107 	2106
f 961 	960 	2107
f 960 	2108 	2107
f 960 	963 	2108
f 963 	2109 	2108
f 963 	962 	2109
f 962 	2110 	2109
f 962 	965 	2110
f 965 	2111 	2110
f 965 	964 	2111
f 964 	2112 	2111
f 964 	967 	2112
f 967 	2113 	2112
f 967 	966 	2113
f 966 	2114 	2113
f 966 	969 	2114
f 969 	2115 	2114
f 969 	968 	2115
f 968 	2116 	2115
f 968 	971 	2116
f 971 	2117 	2116
f 971 	970 	2117
f 970 	2118 	2117
f 970 	974 	2118
f 974 	2119 	2118
f 974 	973 	2119
f 973 	2120 	2119
f 973 	972 	2120
f 972 	2121 	2120
f 972 	977 	2121
f 977 	2122 	2121
f 977 	976 	2122
f 976 	2123 	2122
f 976 	975 	2123
f 975 	2124 	2123
f 975 	980 	2124
f 980 	2125 	2124
f 980 	979 	2125
f 979 	2126 	2125
f 979 	978 	2126
f 978 	2127 	2126
f 978 	982 	2127
f 982 	2128 	2127
f 982 	981 	2128
f 981 	2129 	2128
f 981 	984 	2129
f 984 	2130 	2129
f 984 	983 	2130
f 983 	2131 	2130
f 983 	986 	2131
f 986 	2132 	2131
f 986 	985 	2132
f 985 	2133 	2132
f 985 	988 	2133
f 988 	2134 	2133
f 988 	987 	2134
f 987 	2135 	2134
f 987 	990 	2135
f 990 	2136 	2135
f 990 	989 	2136
f 989 	2137 	2136
f 989 	993 	2137
f 993 	2138 	2137
f 993 	992 	2138
f 992 	2139 	2138
f 992 	991 	2139
f 991 	2140 	2139
f 991 	995 	2140
f 995 	2141 	2140
f 995 	994 	2141
f 994 	2142 	2141
f 994 	998 	2142
f 998 	2143 	2142
f 998 	997 	2143
f 997 	2144 	2143
f 997 	996 	2144
f 996 	2145 	2144
f 996 	1047 	2145
f 1047 	2194 	2145
f 1047 	1126 	2194
f 1126 	2273 	2194
# 4622 faces

 #end of obj_0

